timestamp,model,side,entry,sl,tp,meta,ctx_sub_label,regime,trend_dir,trend_strength,atr_pct,phase
2025-12-29 03:30:00+00:00,TDP_REENTRY,SHORT,90100.1,90210.87,89878.56000000003,TDP_TOP trend continuation,TDP_TOP,TREND_DOWN,DOWN,0.0123054256556967,0.0161126828590564,PHASE_TREND_DOWN
2025-12-29 04:00:00+00:00,TDP_REENTRY,SHORT,90056.8,90254.61178571428,89661.17642857145,TDP_TOP trend continuation,TDP_TOP,TREND_DOWN,DOWN,0.0123054256556967,0.0161126828590564,PHASE_TREND_DOWN
2025-12-29 04:30:00+00:00,TDP_REENTRY,SHORT,90108.8,90487.23928571428,89351.92142857144,TDP_TOP trend continuation,TDP_TOP,TREND_DOWN,DOWN,0.0123054256556967,0.0161126828590564,PHASE_TREND_DOWN
2025-12-29 05:00:00+00:00,TDP_REENTRY,SHORT,90050.0,90487.96785714285,89174.0642857143,TDP_TOP trend continuation,TDP_TOP,TREND_DOWN,DOWN,0.0123054256556967,0.0161126828590564,PHASE_TREND_DOWN
2025-12-29 05:30:00+00:00,TDP_REENTRY,SHORT,89946.6,90486.43678571428,88866.92642857146,TDP_TOP trend continuation,TDP_TOP,TREND_DOWN,DOWN,0.0123054256556967,0.0161126828590564,PHASE_TREND_DOWN
2025-12-29 06:00:00+00:00,TDP_REENTRY,SHORT,89932.0,90484.76535714285,88826.4692857143,TDP_TOP trend continuation,TDP_TOP,TREND_DOWN,DOWN,0.0123054256556967,0.0161126828590564,PHASE_TREND_DOWN
2026-01-02 16:30:00+00:00,TDP_REENTRY,SHORT,90323.5,90973.94214285715,89022.6157142857,TDP_TOP trend continuation,TDP_TOP,TREND_DOWN,DOWN,0.0123054256556967,0.0161126828590564,PHASE_TREND_DOWN
2026-01-02 17:00:00+00:00,TDP_REENTRY,SHORT,90557.8,91052.52642857142,89568.34714285716,TDP_TOP trend continuation,TDP_TOP,TREND_DOWN,DOWN,0.0123054256556967,0.0161126828590564,PHASE_TREND_DOWN
2026-01-02 17:30:00+00:00,TDP_REENTRY,SHORT,90325.0,91056.3,88862.4,TDP_TOP trend continuation,TDP_TOP,TREND_DOWN,DOWN,0.0123054256556967,0.0161126828590564,PHASE_TREND_DOWN
2026-01-04 00:30:00+00:00,TDP_REENTRY,SHORT,91300.0,91623.20464285713,90653.59071428573,TDP_TOP trend continuation,TDP_TOP,TREND_DOWN,DOWN,0.0123054256556967,0.0161126828590564,PHASE_TREND_DOWN
2026-01-04 01:00:00+00:00,TDP_REENTRY,SHORT,91090.6,91625.685,90020.43000000002,TDP_TOP trend continuation,TDP_TOP,TREND_DOWN,DOWN,0.0123054256556967,0.0161126828590564,PHASE_TREND_DOWN
2026-01-05 00:30:00+00:00,TDP_REENTRY,SHORT,92371.2,92436.79035714286,92240.01928571427,TDP_TOP trend continuation,TDP_TOP,TREND_DOWN,DOWN,0.0123054256556967,0.0161126828590564,PHASE_TREND_DOWN
2026-01-05 01:00:00+00:00,TDP_REENTRY,SHORT,92934.1,93010.66500000001,92780.97,TDP_TOP trend continuation,TDP_TOP,TREND_DOWN,DOWN,0.0123054256556967,0.0161126828590564,PHASE_TREND_DOWN
2026-01-05 01:30:00+00:00,TDP_REENTRY,SHORT,92927.5,93448.90285714286,91884.69428571427,TDP_TOP trend continuation,TDP_TOP,TREND_DOWN,DOWN,0.0123054256556967,0.0161126828590564,PHASE_TREND_DOWN
2026-01-05 02:00:00+00:00,TDP_REENTRY,SHORT,92699.6,93449.75142857143,91199.29714285716,TDP_TOP trend continuation,TDP_TOP,TREND_DOWN,DOWN,0.0123054256556967,0.0161126828590564,PHASE_TREND_DOWN
2026-01-05 02:30:00+00:00,TDP_REENTRY,SHORT,93004.8,93452.06035714285,92110.2792857143,TDP_TOP trend continuation,TDP_TOP,TREND_DOWN,DOWN,0.0123054256556967,0.0161126828590564,PHASE_TREND_DOWN
2026-01-05 03:00:00+00:00,TDP_REENTRY,SHORT,92961.0,93452.66357142857,91977.67285714287,TDP_TOP trend continuation,TDP_TOP,TREND_DOWN,DOWN,0.0123054256556967,0.0161126828590564,PHASE_TREND_DOWN
2026-01-05 03:30:00+00:00,TDP_REENTRY,SHORT,92841.5,93454.25035714285,91615.9992857143,TDP_TOP trend continuation,TDP_TOP,TREND_DOWN,DOWN,0.0123054256556967,0.0161126828590564,PHASE_TREND_DOWN
2026-01-05 14:30:00+00:00,TDP_REENTRY,SHORT,93385.1,93699.00642857143,92757.28714285715,TDP_TOP trend continuation,TDP_TOP,TREND_DOWN,DOWN,0.0123054256556967,0.0161126828590564,PHASE_TREND_DOWN
2026-01-05 15:00:00+00:00,TDP_REENTRY,SHORT,93340.8,93819.03678571428,92384.32642857144,TDP_TOP trend continuation,TDP_TOP,TREND_DOWN,DOWN,0.0123054256556967,0.0161126828590564,PHASE_TREND_DOWN
2026-01-05 15:30:00+00:00,TDP_REENTRY,SHORT,93905.0,94058.98749999999,93597.02500000002,TDP_TOP trend continuation,TDP_TOP,TREND_DOWN,DOWN,0.0123054256556967,0.0161126828590564,PHASE_TREND_DOWN
2026-01-05 16:00:00+00:00,TDP_REENTRY,SHORT,93790.1,94119.87964285715,93130.54071428571,TDP_TOP trend continuation,TDP_TOP,TREND_DOWN,DOWN,0.0123054256556967,0.0161126828590564,PHASE_TREND_DOWN
2026-01-05 16:30:00+00:00,TDP_REENTRY,SHORT,93650.8,94120.16678571429,92712.06642857143,TDP_TOP trend continuation,TDP_TOP,TREND_DOWN,DOWN,0.0123054256556967,0.0161126828590564,PHASE_TREND_DOWN
2026-01-05 17:30:00+00:00,TDP_REENTRY,SHORT,94272.2,94523.11214285715,93770.37571428569,TDP_TOP trend continuation,TDP_TOP,TREND_DOWN,DOWN,0.0123054256556967,0.0161126828590564,PHASE_TREND_DOWN
2026-01-05 18:00:00+00:00,TDP_REENTRY,SHORT,93983.4,94525.16928571429,92899.8614285714,TDP_TOP trend continuation,TDP_TOP,TREND_DOWN,DOWN,0.0123054256556967,0.0161126828590564,PHASE_TREND_DOWN
2026-01-05 18:30:00+00:00,TDP_REENTRY,SHORT,94404.6,94561.525,94090.75000000003,TDP_TOP trend continuation,TDP_TOP,TREND_DOWN,DOWN,0.0123054256556967,0.0161126828590564,PHASE_TREND_DOWN
2026-01-05 19:00:00+00:00,TDP_REENTRY,SHORT,94370.1,94561.06642857142,93988.16714285719,TDP_TOP trend continuation,TDP_TOP,TREND_DOWN,DOWN,0.0123054256556967,0.0161126828590564,PHASE_TREND_DOWN
2026-01-05 19:30:00+00:00,TDP_REENTRY,SHORT,94246.2,94562.6532142857,93613.29357142858,TDP_TOP trend continuation,TDP_TOP,TREND_DOWN,DOWN,0.0123054256556967,0.0161126828590564,PHASE_TREND_DOWN
2026-01-05 20:00:00+00:00,TDP_REENTRY,SHORT,94681.0,94833.31392857143,94376.37214285714,TDP_TOP trend continuation,TDP_TOP,TREND_DOWN,DOWN,0.0123054256556967,0.0161126828590564,PHASE_TREND_DOWN
2026-01-05 20:30:00+00:00,TDP_REENTRY,SHORT,94124.8,94838.09464285713,92698.21071428574,TDP_TOP trend continuation,TDP_TOP,TREND_DOWN,DOWN,0.0123054256556967,0.0161126828590564,PHASE_TREND_DOWN
2026-01-12 01:00:00+00:00,TDP_REENTRY,SHORT,91474.6,91820.8525,90782.09500000003,TDP_TOP trend continuation,TDP_TOP,TREND_DOWN,DOWN,0.0123054256556967,0.0161126828590564,PHASE_TREND_DOWN
2026-01-12 02:00:00+00:00,TDP_REENTRY,SHORT,91742.3,91987.03464285715,91252.83071428571,TDP_TOP trend continuation,TDP_TOP,TREND_DOWN,DOWN,0.0123054256556967,0.0161126828590564,PHASE_TREND_DOWN
2026-01-12 02:30:00+00:00,TDP_REENTRY,SHORT,92169.1,92441.31214285715,91624.67571428572,TDP_TOP trend continuation,TDP_TOP,TREND_DOWN,DOWN,0.0123054256556967,0.0161126828590564,PHASE_TREND_DOWN
2026-01-12 03:00:00+00:00,TDP_REENTRY,SHORT,92350.0,92565.79,91918.42000000001,TDP_TOP trend continuation,TDP_TOP,TREND_DOWN,DOWN,0.0123054256556967,0.0161126828590564,PHASE_TREND_DOWN
2026-01-12 04:30:00+00:00,TDP_REENTRY,SHORT,92128.3,92572.61392857143,91239.67214285715,TDP_TOP trend continuation,TDP_TOP,TREND_DOWN,DOWN,0.0123054256556967,0.0161126828590564,PHASE_TREND_DOWN
2026-01-12 05:00:00+00:00,TDP_REENTRY,SHORT,92188.2,92571.91428571429,91420.77142857142,TDP_TOP trend continuation,TDP_TOP,TREND_DOWN,DOWN,0.0123054256556967,0.0161126828590564,PHASE_TREND_DOWN
2026-01-12 05:30:00+00:00,TDP_REENTRY,SHORT,92064.2,92571.67642857143,91049.24714285713,TDP_TOP trend continuation,TDP_TOP,TREND_DOWN,DOWN,0.0123054256556967,0.0161126828590564,PHASE_TREND_DOWN
2025-12-29 03:30:00+00:00,TDP_REENTRY,SHORT,3042.52,3050.21475,3027.1304999999998,TDP_TOP trend continuation,TDP_TOP,TREND_DOWN,DOWN,0.0123054256556967,0.0161126828590564,PHASE_TREND_DOWN
2025-12-29 04:00:00+00:00,TDP_REENTRY,SHORT,3043.2,3059.592071428571,3010.415857142857,TDP_TOP trend continuation,TDP_TOP,TREND_DOWN,DOWN,0.0123054256556967,0.0161126828590564,PHASE_TREND_DOWN
2025-12-29 04:30:00+00:00,TDP_REENTRY,SHORT,3038.14,3059.669,2995.082,TDP_TOP trend continuation,TDP_TOP,TREND_DOWN,DOWN,0.0123054256556967,0.0161126828590564,PHASE_TREND_DOWN
2025-12-29 05:00:00+00:00,TDP_REENTRY,SHORT,3035.41,3059.7249285714283,2986.780142857143,TDP_TOP trend continuation,TDP_TOP,TREND_DOWN,DOWN,0.0123054256556967,0.0161126828590564,PHASE_TREND_DOWN
2025-12-29 05:30:00+00:00,TDP_REENTRY,SHORT,3035.77,3059.6462857142856,2988.017428571429,TDP_TOP trend continuation,TDP_TOP,TREND_DOWN,DOWN,0.0123054256556967,0.0161126828590564,PHASE_TREND_DOWN
2025-12-29 06:00:00+00:00,TDP_REENTRY,SHORT,3036.0,3059.6244285714283,2988.7511428571433,TDP_TOP trend continuation,TDP_TOP,TREND_DOWN,DOWN,0.0123054256556967,0.0161126828590564,PHASE_TREND_DOWN
2025-12-29 06:30:00+00:00,TDP_REENTRY,SHORT,3034.95,3059.5843571428572,2985.681285714285,TDP_TOP trend continuation,TDP_TOP,TREND_DOWN,DOWN,0.0123054256556967,0.0161126828590564,PHASE_TREND_DOWN
2026-01-02 14:30:00+00:00,TDP_REENTRY,SHORT,3081.08,3111.6336428571426,3019.9727142857146,TDP_TOP trend continuation,TDP_TOP,TREND_DOWN,DOWN,0.0123054256556967,0.0161126828590564,PHASE_TREND_DOWN
2026-01-02 15:30:00+00:00,TDP_REENTRY,SHORT,3084.98,3112.1202857142857,3030.6994285714286,TDP_TOP trend continuation,TDP_TOP,TREND_DOWN,DOWN,0.0123054256556967,0.0161126828590564,PHASE_TREND_DOWN
2026-01-02 16:00:00+00:00,TDP_REENTRY,SHORT,3104.54,3120.5783214285716,3072.4633571428567,TDP_TOP trend continuation,TDP_TOP,TREND_DOWN,DOWN,0.0123054256556967,0.0161126828590564,PHASE_TREND_DOWN
2026-01-02 16:30:00+00:00,TDP_REENTRY,SHORT,3130.65,3149.991285714286,3091.9674285714286,TDP_TOP trend continuation,TDP_TOP,TREND_DOWN,DOWN,0.0123054256556967,0.0161126828590564,PHASE_TREND_DOWN
2026-01-02 17:00:00+00:00,TDP_REENTRY,SHORT,3131.69,3154.031892857143,3087.0062142857146,TDP_TOP trend continuation,TDP_TOP,TREND_DOWN,DOWN,0.0123054256556967,0.0161126828590564,PHASE_TREND_DOWN
2026-01-02 17:30:00+00:00,TDP_REENTRY,SHORT,3121.23,3154.197,3055.296,TDP_TOP trend continuation,TDP_TOP,TREND_DOWN,DOWN,0.0123054256556967,0.0161126828590564,PHASE_TREND_DOWN
2026-01-02 18:00:00+00:00,TDP_REENTRY,SHORT,3121.91,3154.172357142857,3057.3852857142856,TDP_TOP trend continuation,TDP_TOP,TREND_DOWN,DOWN,0.0123054256556967,0.0161126828590564,PHASE_TREND_DOWN
2026-01-02 19:00:00+00:00,TDP_REENTRY,SHORT,3119.49,3154.4449285714286,3049.580142857142,TDP_TOP trend continuation,TDP_TOP,TREND_DOWN,DOWN,0.0123054256556967,0.0161126828590564,PHASE_TREND_DOWN
2026-01-02 19:30:00+00:00,TDP_REENTRY,SHORT,3122.6,3154.436142857143,3058.927714285714,TDP_TOP trend continuation,TDP_TOP,TREND_DOWN,DOWN,0.0123054256556967,0.0161126828590564,PHASE_TREND_DOWN
2026-01-02 20:00:00+00:00,TDP_REENTRY,SHORT,3120.26,3154.43325,3051.9135000000006,TDP_TOP trend continuation,TDP_TOP,TREND_DOWN,DOWN,0.0123054256556967,0.0161126828590564,PHASE_TREND_DOWN
2026-01-04 00:30:00+00:00,TDP_REENTRY,SHORT,3155.69,3167.1087857142857,3132.852428571429,TDP_TOP trend continuation,TDP_TOP,TREND_DOWN,DOWN,0.0123054256556967,0.0161126828590564,PHASE_TREND_DOWN
2026-01-04 01:00:00+00:00,TDP_REENTRY,SHORT,3146.84,3167.117357142857,3106.285285714286,TDP_TOP trend continuation,TDP_TOP,TREND_DOWN,DOWN,0.0123054256556967,0.0161126828590564,PHASE_TREND_DOWN
2026-01-04 01:30:00+00:00,TDP_REENTRY,SHORT,3148.37,3167.1958928571426,3110.7182142857146,TDP_TOP trend continuation,TDP_TOP,TREND_DOWN,DOWN,0.0123054256556967,0.0161126828590564,PHASE_TREND_DOWN
2026-01-04 02:00:00+00:00,TDP_REENTRY,SHORT,3145.09,3167.2460357142854,3100.7779285714296,TDP_TOP trend continuation,TDP_TOP,TREND_DOWN,DOWN,0.0123054256556967,0.0161126828590564,PHASE_TREND_DOWN
2026-01-04 02:30:00+00:00,TDP_REENTRY,SHORT,3139.8,3167.3323928571426,3084.7352142857153,TDP_TOP trend continuation,TDP_TOP,TREND_DOWN,DOWN,0.0123054256556967,0.0161126828590564,PHASE_TREND_DOWN
2026-01-04 03:00:00+00:00,TDP_REENTRY,SHORT,3142.02,3167.36775,3091.3245,TDP_TOP trend continuation,TDP_TOP,TREND_DOWN,DOWN,0.0123054256556967,0.0161126828590564,PHASE_TREND_DOWN
2026-01-04 03:30:00+00:00,TDP_REENTRY,SHORT,3145.82,3167.4034285714283,3102.653142857144,TDP_TOP trend continuation,TDP_TOP,TREND_DOWN,DOWN,0.0123054256556967,0.0161126828590564,PHASE_TREND_DOWN
2026-01-04 04:00:00+00:00,TDP_REENTRY,SHORT,3148.54,3167.400964285714,3110.818071428572,TDP_TOP trend continuation,TDP_TOP,TREND_DOWN,DOWN,0.0123054256556967,0.0161126828590564,PHASE_TREND_DOWN
2026-01-05 01:00:00+00:00,TDP_REENTRY,SHORT,3185.3,3199.6315714285715,3156.6368571428575,TDP_TOP trend continuation,TDP_TOP,TREND_DOWN,DOWN,0.0123054256556967,0.0161126828590564,PHASE_TREND_DOWN
2026-01-05 01:30:00+00:00,TDP_REENTRY,SHORT,3196.54,3223.9975357142857,3141.6249285714284,TDP_TOP trend continuation,TDP_TOP,TREND_DOWN,DOWN,0.0123054256556967,0.0161126828590564,PHASE_TREND_DOWN
2026-01-05 20:00:00+00:00,TDP_REENTRY,SHORT,3259.66,3269.484142857143,3240.0117142857134,TDP_TOP trend continuation,TDP_TOP,TREND_DOWN,DOWN,0.0123054256556967,0.0161126828590564,PHASE_TREND_DOWN
2026-01-05 20:30:00+00:00,TDP_REENTRY,SHORT,3240.0,3269.597392857143,3180.805214285714,TDP_TOP trend continuation,TDP_TOP,TREND_DOWN,DOWN,0.0123054256556967,0.0161126828590564,PHASE_TREND_DOWN
2026-01-05 21:30:00+00:00,TDP_REENTRY,SHORT,3236.59,3269.322142857143,3171.125714285715,TDP_TOP trend continuation,TDP_TOP,TREND_DOWN,DOWN,0.0123054256556967,0.0161126828590564,PHASE_TREND_DOWN
2026-01-05 22:00:00+00:00,TDP_REENTRY,SHORT,3240.21,3269.2319285714284,3182.1661428571433,TDP_TOP trend continuation,TDP_TOP,TREND_DOWN,DOWN,0.0123054256556967,0.0161126828590564,PHASE_TREND_DOWN
2026-01-05 22:30:00+00:00,TDP_REENTRY,SHORT,3238.6,3268.9939642857144,3177.812071428571,TDP_TOP trend continuation,TDP_TOP,TREND_DOWN,DOWN,0.0123054256556967,0.0161126828590564,PHASE_TREND_DOWN
2026-01-06 14:00:00+00:00,TDP_REENTRY,SHORT,3304.73,3310.1722142857143,3293.8455714285715,TDP_TOP trend continuation,TDP_TOP,TREND_DOWN,DOWN,0.0123054256556967,0.0161126828590564,PHASE_TREND_DOWN
2026-01-06 14:30:00+00:00,TDP_REENTRY,SHORT,3276.48,3310.490642857143,3208.458714285714,TDP_TOP trend continuation,TDP_TOP,TREND_DOWN,DOWN,0.0123054256556967,0.0161126828590564,PHASE_TREND_DOWN
2026-01-06 15:00:00+00:00,TDP_REENTRY,SHORT,3295.68,3310.67825,3265.6834999999996,TDP_TOP trend continuation,TDP_TOP,TREND_DOWN,DOWN,0.0123054256556967,0.0161126828590564,PHASE_TREND_DOWN
2026-01-12 02:30:00+00:00,TDP_REENTRY,SHORT,3156.57,3169.823142857143,3130.0637142857145,TDP_TOP trend continuation,TDP_TOP,TREND_DOWN,DOWN,0.0123054256556967,0.0161126828590564,PHASE_TREND_DOWN
2026-01-12 03:00:00+00:00,TDP_REENTRY,SHORT,3162.74,3173.6306428571424,3140.9587142857144,TDP_TOP trend continuation,TDP_TOP,TREND_DOWN,DOWN,0.0123054256556967,0.0161126828590564,PHASE_TREND_DOWN
2026-01-12 04:00:00+00:00,TDP_REENTRY,SHORT,3154.41,3173.6433928571428,3115.943214285714,TDP_TOP trend continuation,TDP_TOP,TREND_DOWN,DOWN,0.0123054256556967,0.0161126828590564,PHASE_TREND_DOWN
2026-01-12 04:30:00+00:00,TDP_REENTRY,SHORT,3157.71,3173.592392857143,3125.9452142857144,TDP_TOP trend continuation,TDP_TOP,TREND_DOWN,DOWN,0.0123054256556967,0.0161126828590564,PHASE_TREND_DOWN
2026-01-12 05:00:00+00:00,TDP_REENTRY,SHORT,3164.24,3173.5637857142856,3145.592428571428,TDP_TOP trend continuation,TDP_TOP,TREND_DOWN,DOWN,0.0123054256556967,0.0161126828590564,PHASE_TREND_DOWN
2026-01-12 05:30:00+00:00,TDP_REENTRY,SHORT,3157.59,3173.5931428571425,3125.5837142857154,TDP_TOP trend continuation,TDP_TOP,TREND_DOWN,DOWN,0.0123054256556967,0.0161126828590564,PHASE_TREND_DOWN
2026-01-12 06:00:00+00:00,TDP_REENTRY,SHORT,3156.16,3173.3328928571427,3121.814214285714,TDP_TOP trend continuation,TDP_TOP,TREND_DOWN,DOWN,0.0123054256556967,0.0161126828590564,PHASE_TREND_DOWN
2026-01-02 23:30:00+00:00,TDP_REENTRY,SHORT,2.0063,2.0335517857142857,1.9517964285714284,TDP_TOP trend continuation,TDP_TOP,TREND_DOWN,DOWN,0.0123054256556967,0.0161126828590564,PHASE_TREND_DOWN
2026-01-03 00:00:00+00:00,TDP_REENTRY,SHORT,2.0375,2.0414335714285716,2.029632857142857,TDP_TOP trend continuation,TDP_TOP,TREND_DOWN,DOWN,0.0123054256556967,0.0161126828590564,PHASE_TREND_DOWN
2026-01-03 00:30:00+00:00,TDP_REENTRY,SHORT,2.0142,2.0414625,1.9596750000000003,TDP_TOP trend continuation,TDP_TOP,TREND_DOWN,DOWN,0.0123054256556967,0.0161126828590564,PHASE_TREND_DOWN
2026-01-03 01:00:00+00:00,TDP_REENTRY,SHORT,2.0253,2.041509642857143,1.9928807142857141,TDP_TOP trend continuation,TDP_TOP,TREND_DOWN,DOWN,0.0123054256556967,0.0161126828590564,PHASE_TREND_DOWN
2026-01-03 04:00:00+00:00,TDP_REENTRY,SHORT,2.0533,2.0572246428571432,2.045450714285714,TDP_TOP trend continuation,TDP_TOP,TREND_DOWN,DOWN,0.0123054256556967,0.0161126828590564,PHASE_TREND_DOWN
2026-01-03 04:30:00+00:00,TDP_REENTRY,SHORT,2.048,2.0570232142857146,2.029953571428571,TDP_TOP trend continuation,TDP_TOP,TREND_DOWN,DOWN,0.0123054256556967,0.0161126828590564,PHASE_TREND_DOWN
2026-01-03 05:00:00+00:00,TDP_REENTRY,SHORT,2.04,2.057795357142857,2.004409285714286,TDP_TOP trend continuation,TDP_TOP,TREND_DOWN,DOWN,0.0123054256556967,0.0161126828590564,PHASE_TREND_DOWN
2026-01-03 05:30:00+00:00,TDP_REENTRY,SHORT,2.0306,2.057816785714286,1.9761664285714287,TDP_TOP trend continuation,TDP_TOP,TREND_DOWN,DOWN,0.0123054256556967,0.0161126828590564,PHASE_TREND_DOWN
2026-01-04 06:30:00+00:00,TDP_REENTRY,SHORT,2.0669,2.076490357142857,2.0477192857142863,TDP_TOP trend continuation,TDP_TOP,TREND_DOWN,DOWN,0.0123054256556967,0.0161126828590564,PHASE_TREND_DOWN
2026-01-04 07:00:00+00:00,TDP_REENTRY,SHORT,2.0661,2.0832107142857144,2.0318785714285714,TDP_TOP trend continuation,TDP_TOP,TREND_DOWN,DOWN,0.0123054256556967,0.0161126828590564,PHASE_TREND_DOWN
2026-01-04 07:30:00+00:00,TDP_REENTRY,SHORT,2.0712,2.0830907142857145,2.0474185714285715,TDP_TOP trend continuation,TDP_TOP,TREND_DOWN,DOWN,0.0123054256556967,0.0161126828590564,PHASE_TREND_DOWN
2026-01-04 08:00:00+00:00,TDP_REENTRY,SHORT,2.0735,2.0862567857142857,2.047986428571429,TDP_TOP trend continuation,TDP_TOP,TREND_DOWN,DOWN,0.0123054256556967,0.0161126828590564,PHASE_TREND_DOWN
2026-01-04 08:30:00+00:00,TDP_REENTRY,SHORT,2.0765,2.0862310714285712,2.057037857142857,TDP_TOP trend continuation,TDP_TOP,TREND_DOWN,DOWN,0.0123054256556967,0.0161126828590564,PHASE_TREND_DOWN
2026-01-04 12:00:00+00:00,TDP_REENTRY,SHORT,2.1147,2.121775,2.10055,TDP_TOP trend continuation,TDP_TOP,TREND_DOWN,DOWN,0.0123054256556967,0.0161126828590564,PHASE_TREND_DOWN
2026-01-04 12:30:00+00:00,TDP_REENTRY,SHORT,2.1164,2.121841428571429,2.1055171428571424,TDP_TOP trend continuation,TDP_TOP,TREND_DOWN,DOWN,0.0123054256556967,0.0161126828590564,PHASE_TREND_DOWN
2026-01-04 13:00:00+00:00,TDP_REENTRY,SHORT,2.0945,2.1220364285714286,2.039427142857143,TDP_TOP trend continuation,TDP_TOP,TREND_DOWN,DOWN,0.0123054256556967,0.0161126828590564,PHASE_TREND_DOWN
2026-01-04 13:30:00+00:00,TDP_REENTRY,SHORT,2.1006,2.1219957142857147,2.0578085714285708,TDP_TOP trend continuation,TDP_TOP,TREND_DOWN,DOWN,0.0123054256556967,0.0161126828590564,PHASE_TREND_DOWN
2026-01-04 14:00:00+00:00,TDP_REENTRY,SHORT,2.0952,2.1219089285714285,2.0417821428571434,TDP_TOP trend continuation,TDP_TOP,TREND_DOWN,DOWN,0.0123054256556967,0.0161126828590564,PHASE_TREND_DOWN
2026-01-05 01:00:00+00:00,TDP_REENTRY,SHORT,2.1372,2.140523571428571,2.130552857142858,TDP_TOP trend continuation,TDP_TOP,TREND_DOWN,DOWN,0.0123054256556967,0.0161126828590564,PHASE_TREND_DOWN
2026-01-05 01:30:00+00:00,TDP_REENTRY,SHORT,2.1559,2.1685260714285715,2.130647857142857,TDP_TOP trend continuation,TDP_TOP,TREND_DOWN,DOWN,0.0123054256556967,0.0161126828590564,PHASE_TREND_DOWN
2026-01-05 02:00:00+00:00,TDP_REENTRY,SHORT,2.1392,2.1685785714285712,2.080442857142858,TDP_TOP trend continuation,TDP_TOP,TREND_DOWN,DOWN,0.0123054256556967,0.0161126828590564,PHASE_TREND_DOWN
2026-01-05 02:30:00+00:00,TDP_REENTRY,SHORT,2.1432,2.1685871428571426,2.0924257142857154,TDP_TOP trend continuation,TDP_TOP,TREND_DOWN,DOWN,0.0123054256556967,0.0161126828590564,PHASE_TREND_DOWN
2026-01-05 03:00:00+00:00,TDP_REENTRY,SHORT,2.1411,2.1686042857142858,2.086091428571428,TDP_TOP trend continuation,TDP_TOP,TREND_DOWN,DOWN,0.0123054256556967,0.0161126828590564,PHASE_TREND_DOWN
2026-01-05 03:30:00+00:00,TDP_REENTRY,SHORT,2.1419,2.168708214285714,2.088283571428572,TDP_TOP trend continuation,TDP_TOP,TREND_DOWN,DOWN,0.0123054256556967,0.0161126828590564,PHASE_TREND_DOWN
2026-01-05 16:00:00+00:00,TDP_REENTRY,SHORT,2.177,2.186867142857143,2.1572657142857143,TDP_TOP trend continuation,TDP_TOP,TREND_DOWN,DOWN,0.0123054256556967,0.0161126828590564,PHASE_TREND_DOWN
2026-01-05 16:30:00+00:00,TDP_REENTRY,SHORT,2.1932,2.1983914285714286,2.182817142857143,TDP_TOP trend continuation,TDP_TOP,TREND_DOWN,DOWN,0.0123054256556967,0.0161126828590564,PHASE_TREND_DOWN
2026-01-05 17:00:00+00:00,TDP_REENTRY,SHORT,2.1777,2.1985575,2.1359850000000002,TDP_TOP trend continuation,TDP_TOP,TREND_DOWN,DOWN,0.0123054256556967,0.0161126828590564,PHASE_TREND_DOWN
2026-01-05 17:30:00+00:00,TDP_REENTRY,SHORT,2.2059,2.2099696428571427,2.197760714285715,TDP_TOP trend continuation,TDP_TOP,TREND_DOWN,DOWN,0.0123054256556967,0.0161126828590564,PHASE_TREND_DOWN
2026-01-05 18:00:00+00:00,TDP_REENTRY,SHORT,2.2257,2.231985,2.2131299999999996,TDP_TOP trend continuation,TDP_TOP,TREND_DOWN,DOWN,0.0123054256556967,0.0161126828590564,PHASE_TREND_DOWN
2026-01-05 18:30:00+00:00,TDP_REENTRY,SHORT,2.2664,2.2719857142857145,2.255228571428571,TDP_TOP trend continuation,TDP_TOP,TREND_DOWN,DOWN,0.0123054256556967,0.0161126828590564,PHASE_TREND_DOWN
2026-01-05 19:00:00+00:00,TDP_REENTRY,SHORT,2.2705,2.2783339285714286,2.2548321428571434,TDP_TOP trend continuation,TDP_TOP,TREND_DOWN,DOWN,0.0123054256556967,0.0161126828590564,PHASE_TREND_DOWN
2026-01-05 19:30:00+00:00,TDP_REENTRY,SHORT,2.2773,2.2853260714285715,2.2612478571428567,TDP_TOP trend continuation,TDP_TOP,TREND_DOWN,DOWN,0.0123054256556967,0.0161126828590564,PHASE_TREND_DOWN
2026-01-05 20:00:00+00:00,TDP_REENTRY,SHORT,2.3457,2.353989285714286,2.329121428571428,TDP_TOP trend continuation,TDP_TOP,TREND_DOWN,DOWN,0.0123054256556967,0.0161126828590564,PHASE_TREND_DOWN
2026-01-05 20:30:00+00:00,TDP_REENTRY,SHORT,2.3154,2.3543964285714285,2.2374071428571427,TDP_TOP trend continuation,TDP_TOP,TREND_DOWN,DOWN,0.0123054256556967,0.0161126828590564,PHASE_TREND_DOWN
2026-01-05 21:00:00+00:00,TDP_REENTRY,SHORT,2.3238,2.3545775,2.2622449999999996,TDP_TOP trend continuation,TDP_TOP,TREND_DOWN,DOWN,0.0123054256556967,0.0161126828590564,PHASE_TREND_DOWN
2026-01-05 21:30:00+00:00,TDP_REENTRY,SHORT,2.3348,2.354414642857143,2.2955707142857142,TDP_TOP trend continuation,TDP_TOP,TREND_DOWN,DOWN,0.0123054256556967,0.0161126828590564,PHASE_TREND_DOWN
2026-01-05 22:00:00+00:00,TDP_REENTRY,SHORT,2.3279,2.3543375,2.275025,TDP_TOP trend continuation,TDP_TOP,TREND_DOWN,DOWN,0.0123054256556967,0.0161126828590564,PHASE_TREND_DOWN
2026-01-05 22:30:00+00:00,TDP_REENTRY,SHORT,2.3344,2.3543364285714286,2.294527142857143,TDP_TOP trend continuation,TDP_TOP,TREND_DOWN,DOWN,0.0123054256556967,0.0161126828590564,PHASE_TREND_DOWN
2026-01-05 23:00:00+00:00,TDP_REENTRY,SHORT,2.3571,2.3730821428571427,2.3251357142857145,TDP_TOP trend continuation,TDP_TOP,TREND_DOWN,DOWN,0.0123054256556967,0.0161126828590564,PHASE_TREND_DOWN
2026-01-05 23:30:00+00:00,TDP_REENTRY,SHORT,2.347,2.3730467857142856,2.2949064285714287,TDP_TOP trend continuation,TDP_TOP,TREND_DOWN,DOWN,0.0123054256556967,0.0161126828590564,PHASE_TREND_DOWN
2026-01-06 00:00:00+00:00,TDP_REENTRY,SHORT,2.3582,2.3732192857142858,2.3281614285714287,TDP_TOP trend continuation,TDP_TOP,TREND_DOWN,DOWN,0.0123054256556967,0.0161126828590564,PHASE_TREND_DOWN
2026-01-06 00:30:00+00:00,TDP_REENTRY,SHORT,2.3708,2.3786210714285714,2.3551578571428573,TDP_TOP trend continuation,TDP_TOP,TREND_DOWN,DOWN,0.0123054256556967,0.0161126828590564,PHASE_TREND_DOWN
2026-01-06 01:00:00+00:00,TDP_REENTRY,SHORT,2.3917,2.398677142857143,2.377745714285714,TDP_TOP trend continuation,TDP_TOP,TREND_DOWN,DOWN,0.0123054256556967,0.0161126828590564,PHASE_TREND_DOWN
2026-01-06 01:30:00+00:00,TDP_REENTRY,SHORT,2.373,2.409442857142857,2.3001142857142867,TDP_TOP trend continuation,TDP_TOP,TREND_DOWN,DOWN,0.0123054256556967,0.0161126828590564,PHASE_TREND_DOWN
2026-01-06 02:00:00+00:00,TDP_REENTRY,SHORT,2.4023,2.420939642857143,2.365020714285714,TDP_TOP trend continuation,TDP_TOP,TREND_DOWN,DOWN,0.0123054256556967,0.0161126828590564,PHASE_TREND_DOWN
2026-01-06 02:30:00+00:00,TDP_REENTRY,SHORT,2.3919,2.4210028571428572,2.333694285714286,TDP_TOP trend continuation,TDP_TOP,TREND_DOWN,DOWN,0.0123054256556967,0.0161126828590564,PHASE_TREND_DOWN
2026-01-06 03:00:00+00:00,TDP_REENTRY,SHORT,2.3887,2.4203964285714283,2.3253071428571435,TDP_TOP trend continuation,TDP_TOP,TREND_DOWN,DOWN,0.0123054256556967,0.0161126828590564,PHASE_TREND_DOWN
2026-01-06 03:30:00+00:00,TDP_REENTRY,SHORT,2.3851,2.420055714285714,2.3151885714285716,TDP_TOP trend continuation,TDP_TOP,TREND_DOWN,DOWN,0.0123054256556967,0.0161126828590564,PHASE_TREND_DOWN
2026-01-06 04:00:00+00:00,TDP_REENTRY,SHORT,2.3677,2.4200064285714284,2.2630871428571435,TDP_TOP trend continuation,TDP_TOP,TREND_DOWN,DOWN,0.0123054256556967,0.0161126828590564,PHASE_TREND_DOWN
2026-01-06 04:30:00+00:00,TDP_REENTRY,SHORT,2.3866,2.4200535714285714,2.3196928571428574,TDP_TOP trend continuation,TDP_TOP,TREND_DOWN,DOWN,0.0123054256556967,0.0161126828590564,PHASE_TREND_DOWN
