id,timestamp,status,side,entry,sl,tp,rr,model,ctx_sub_label,regime,trend_dir,trend_strength,atr_pct,meta,outcome,exit_price,exit_timestamp,exit_reason,partial_taken,be_moved,R
1,2025-02-11 19:45:00,OK,LONG,94985.9,94741.96428571428,95473.77142857143,2.0,HTF_LTF_RETEST,TDP_BOT,VOLATILE,UP,0.0001132441060871,0.0120526159296124,model=HTF_LTF_RETEST retest@94821.900000 tol=0.25*ATR,BE,94985.9,2025-02-11 20:45:00,BE_stop,True,True,0.7
2,2025-02-12 13:45:00,OK,LONG,94912.2,93889.00714285714,96958.58571428571,2.0,HTF_LTF_RETEST,TDP_BOT,TREND_DOWN,DOWN,0.0015906016820995,0.0128031680044151,model=HTF_LTF_RETEST retest@94821.900000 tol=0.25*ATR,WIN,96958.58571428571,2025-02-12 16:45:00,TP,True,True,1.3
3,2025-02-16 23:45:00,OK,LONG,96060.1,95940.9375,96298.42500000002,2.0,HTF_LTF_RETEST,TDP_BOT,RANGE,UP,0.0007343925102887,0.0078951317233392,model=HTF_LTF_RETEST retest@96000.000000 tol=0.25*ATR,BE,96060.1,2025-02-17 00:00:00,BE_stop,True,True,0.7
4,2025-02-17 04:00:00,OK,LONG,96033.7,95972.4982142857,96156.10357142858,2.0,HTF_LTF_RETEST,TDP_BOT,RANGE,UP,0.0001968100748642,0.0065611658960202,model=HTF_LTF_RETEST retest@95980.100000 tol=0.25*ATR,BE,96033.7,2025-02-17 04:00:00,BE_stop,True,True,0.7
5,2025-02-17 20:15:00,OK,LONG,95752.7,95304.92678571428,96648.24642857142,2.0,HTF_LTF_RETEST,TDP_BOT,RANGE,DOWN,0.0003540173661668,0.005882742378686,model=HTF_LTF_RETEST retest@95730.300000 tol=0.25*ATR,LOSS,95304.92678571428,2025-02-18 06:00:00,SL,True,False,0.4
6,2025-02-17 20:15:00,OK,LONG,95752.7,95304.92678571428,96648.24642857142,2.0,HTF_LTF_RETEST,TDP_BOT,RANGE,DOWN,0.0008336674877503,0.0056683249555969,model=HTF_LTF_RETEST retest@95730.300000 tol=0.25*ATR,LOSS,95304.92678571428,2025-02-18 06:00:00,SL,True,False,0.4
7,2025-02-17 20:15:00,OK,LONG,95752.7,95304.92678571428,96648.24642857142,2.0,HTF_LTF_RETEST,TDP_BOT,RANGE,DOWN,0.0014908571102339,0.0064618041833602,model=HTF_LTF_RETEST retest@95730.300000 tol=0.25*ATR,LOSS,95304.92678571428,2025-02-18 06:00:00,SL,True,False,0.4
8,2025-02-20 20:00:00,OK,SHORT,98380.6,98503.85,98134.1,2.0,HTF_LTF_RETEST,TDP_TOP,VOLATILE,UP,9.953803639936372e-05,0.0120957464838191,model=HTF_LTF_RETEST retest@98489.600000 tol=0.25*ATR,LOSS,98503.85,2025-02-20 20:15:00,SL,False,False,-1.0
9,2025-02-21 20:30:00,OK,LONG,95386.0,94961.58928571429,96234.82142857142,2.0,HTF_LTF_RETEST,TDP_BOT,TREND_UP,UP,0.0025737383593736,0.0124232176599382,model=HTF_LTF_RETEST retest@95339.500000 tol=0.25*ATR,LOSS,94961.58928571429,2025-02-21 20:45:00,SL,False,False,-1.0
10,2025-02-23 12:00:00,OK,LONG,96020.2,95974.56071428572,96111.47857142855,2.0,HTF_LTF_RETEST,TDP_BOT,RANGE,DOWN,0.0001681358741745,0.0093539582384313,model=HTF_LTF_RETEST retest@96009.400000 tol=0.25*ATR,BE,96020.2,2025-02-23 12:00:00,BE_stop,True,True,0.7
11,2025-02-23 16:00:00,OK,LONG,95560.3,95311.40535714285,96058.0892857143,2.0,HTF_LTF_RETEST,TDP_BOT,RANGE,DOWN,0.0008657504336019,0.0096587797421042,model=HTF_LTF_RETEST retest@95525.000000 tol=0.25*ATR,LOSS,95311.40535714285,2025-02-23 17:00:00,SL,False,False,-1.0
12,2025-02-24 04:15:00,OK,LONG,95336.2,95186.7125,95635.175,2.0,HTF_LTF_RETEST,TDP_BOT,TREND_DOWN,DOWN,0.0018715237430847,0.0066629627755954,model=HTF_LTF_RETEST retest@95254.000000 tol=0.25*ATR,LOSS,95186.7125,2025-02-24 04:30:00,SL,False,False,-1.0
13,2025-02-24 19:45:00,OK,LONG,93984.9,93525.2017857143,94904.2964285714,2.0,HTF_LTF_RETEST,TDP_BOT,TREND_DOWN,DOWN,0.0044509814608027,0.0088296858629114,model=HTF_LTF_RETEST retest@93704.000000 tol=0.25*ATR,LOSS,93525.2017857143,2025-02-24 22:00:00,SL,True,False,0.4
14,2025-02-25 00:15:00,OK,LONG,91600.0,90650.20714285715,93499.5857142857,2.0,HTF_LTF_RETEST,TDP_BOT,TREND_DOWN,DOWN,0.0070871800525738,0.0112544378254679,model=HTF_LTF_RETEST retest@91549.100000 tol=0.25*ATR,LOSS,90650.20714285715,2025-02-25 07:00:00,SL,False,False,-1.0
15,2025-02-25 09:45:00,OK,LONG,88294.4,88063.40714285713,88756.38571428572,2.0,HTF_LTF_RETEST,TDP_BOT,TREND_DOWN,DOWN,0.0124283197820196,0.0156818245496063,model=HTF_LTF_RETEST retest@88093.200000 tol=0.25*ATR,BE,88294.4,2025-02-25 09:45:00,BE_stop,True,True,0.7
16,2025-02-25 16:30:00,OK,LONG,87324.1,85971.16607142857,90029.96785714288,2.0,HTF_LTF_RETEST,TDP_BOT,TREND_DOWN,DOWN,0.0194148215571167,0.0208373072679245,model=HTF_LTF_RETEST retest@86055.500000 tol=0.25*ATR,BE,87324.1,2025-02-26 13:45:00,BE_stop,True,True,0.7
17,2025-03-03 22:45:00,OK,LONG,86583.0,85747.70714285714,88253.58571428573,2.0,HTF_LTF_RETEST,TDP_BOT,TREND_DOWN,DOWN,0.0064315008297307,0.0285035843685753,model=HTF_LTF_RETEST retest@86473.800000 tol=0.25*ATR,LOSS,85747.70714285714,2025-03-04 01:00:00,SL,False,False,-1.0
18,2025-03-04 17:30:00,OK,LONG,85195.6,83083.59821428571,89419.6035714286,2.0,HTF_LTF_RETEST,TDP_BOT,TREND_DOWN,DOWN,0.0075920170040819,0.0293981451930185,model=HTF_LTF_RETEST retest@85023.400000 tol=0.25*ATR,WIN,89419.6035714286,2025-03-05 10:15:00,TP,True,True,1.3
19,2025-03-04 13:15:00,OK,LONG,82520.1,82362.26071428572,82835.77857142859,2.0,HTF_LTF_RETEST,TDP_BOT,TREND_DOWN,DOWN,0.0103271792207248,0.0331103393193054,model=HTF_LTF_RETEST retest@82378.700000 tol=0.25*ATR,BE,82520.1,2025-03-04 13:15:00,BE_stop,True,True,0.7
20,2025-03-07 01:30:00,OK,LONG,88661.2,84849.80535714286,96283.98928571427,2.0,HTF_LTF_RETEST,TDP_BOT,TREND_UP,UP,0.0026861319724723,0.0287746841475179,model=HTF_LTF_RETEST retest@87800.100000 tol=0.25*ATR,NO_HIT,,,,False,False,0.0
21,2025-03-09 12:30:00,OK,LONG,84656.7,84071.31964285715,85827.46071428568,2.0,HTF_LTF_RETEST,TDP_BOT,TREND_DOWN,DOWN,0.0093136896210105,0.017178311498905,model=HTF_LTF_RETEST retest@84584.300000 tol=0.25*ATR,LOSS,84071.31964285715,2025-03-09 13:45:00,SL,False,False,-1.0
22,2025-03-09 15:45:00,OK,LONG,83037.3,82590.75178571428,83930.39642857145,2.0,HTF_LTF_RETEST,TDP_BOT,TREND_DOWN,DOWN,0.0117948166737636,0.0180124732241672,model=HTF_LTF_RETEST retest@82940.000000 tol=0.25*ATR,LOSS,82590.75178571428,2025-03-09 16:00:00,SL_before_partial,False,False,-1.0
23,2025-03-10 02:30:00,OK,LONG,82369.9,81299.84107142857,84510.01785714284,2.0,HTF_LTF_RETEST,TDP_BOT,TREND_DOWN,DOWN,0.0141360065382991,0.0179911595291197,model=HTF_LTF_RETEST retest@82151.400000 tol=0.25*ATR,LOSS,81299.84107142857,2025-03-10 08:30:00,SL,False,False,-1.0
24,2025-03-10 00:30:00,OK,LONG,80717.7,79774.68214285714,82603.7357142857,2.0,HTF_LTF_RETEST,TDP_BOT,TREND_DOWN,DOWN,0.0177128809928626,0.0187605969130352,model=HTF_LTF_RETEST retest@79913.400000 tol=0.25*ATR,WIN,82603.7357142857,2025-03-10 02:30:00,TP,True,True,1.3
25,2025-03-16 11:45:00,OK,LONG,82346.6,82240.93035714286,82557.9392857143,2.0,HTF_LTF_RETEST,TDP_BOT,TREND_DOWN,DOWN,0.004213869146696,0.0109590785429253,model=HTF_LTF_RETEST retest@82326.800000 tol=0.25*ATR,BE,82346.6,2025-03-16 11:45:00,BE_stop,True,True,0.7
26,2025-03-18 16:15:00,OK,LONG,82069.2,81381.14464285714,83445.31071428572,2.0,HTF_LTF_RETEST,TDP_BOT,TREND_DOWN,DOWN,0.0047300895587321,0.0115121269795109,model=HTF_LTF_RETEST retest@81934.400000 tol=0.25*ATR,LOSS,81381.14464285714,2025-03-18 17:30:00,SL,False,False,-1.0
27,2025-03-19 20:00:00,OK,SHORT,85569.3,85937.4517857143,84832.99642857142,2.0,HTF_LTF_RETEST,TDP_TOP,VOLATILE,DOWN,0.0010684131961721,0.0142424754366538,model=HTF_LTF_RETEST retest@85927.600000 tol=0.25*ATR,LOSS,85937.4517857143,2025-03-19 22:30:00,SL,True,False,0.4
28,2025-03-20 00:15:00,OK,SHORT,86738.8,87493.88214285714,85228.63571428573,2.0,HTF_LTF_RETEST,TDP_TOP,VOLATILE,UP,0.0011179228339062,0.0141876476534044,model=HTF_LTF_RETEST retest@86970.000000 tol=0.25*ATR,WIN,85228.63571428573,2025-03-20 10:15:00,TP,True,True,1.3
29,2025-03-25 03:45:00,OK,LONG,86468.5,86225.0875,86955.32500000001,2.0,HTF_LTF_RETEST,TDP_BOT,TREND_UP,UP,0.0112408257585618,0.0106847332513326,model=HTF_LTF_RETEST retest@86425.200000 tol=0.25*ATR,WIN,86955.32500000001,2025-03-25 09:30:00,TP,True,True,1.3
30,2025-03-26 16:45:00,OK,LONG,86443.3,86180.73928571428,86968.42142857144,2.0,HTF_LTF_RETEST,TDP_BOT,TREND_UP,UP,0.011113654645043,0.0107064037550365,model=HTF_LTF_RETEST retest@86261.000000 tol=0.25*ATR,LOSS,86180.73928571428,2025-03-26 18:45:00,SL,True,False,0.4
31,2025-03-29 11:45:00,OK,LONG,82245.0,81881.20892857143,82972.58214285714,2.0,HTF_LTF_RETEST,TDP_BOT,TREND_DOWN,DOWN,0.0032191997455404,0.0124162128831105,model=HTF_LTF_RETEST retest@81981.900000 tol=0.25*ATR,BE,82245.0,2025-03-29 16:45:00,BE_stop,True,True,0.7
32,2025-03-29 17:15:00,OK,LONG,82141.0,81542.48214285713,83338.03571428574,2.0,HTF_LTF_RETEST,TDP_BOT,TREND_DOWN,DOWN,0.0050550981497132,0.0126611421641086,model=HTF_LTF_RETEST retest@81958.300000 tol=0.25*ATR,WIN,83338.03571428574,2025-03-30 03:00:00,TP,True,True,1.3
33,2025-04-02 23:45:00,OK,LONG,82468.1,82250.14285714286,82904.01428571431,2.0,HTF_LTF_RETEST,TDP_BOT,VOLATILE,DOWN,0.0014485337181534,0.0192519462503856,model=HTF_LTF_RETEST retest@82281.900000 tol=0.25*ATR,LOSS,82250.14285714286,2025-04-03 00:00:00,SL_before_partial,False,False,-1.0
34,2025-04-06 20:30:00,OK,LONG,79189.9,78273.31607142858,81023.06785714283,2.0,HTF_LTF_RETEST,TDP_BOT,TREND_DOWN,DOWN,0.0075430350913823,0.0140501008425536,model=HTF_LTF_RETEST retest@78643.000000 tol=0.25*ATR,LOSS,78273.31607142858,2025-04-06 22:00:00,SL,False,False,-1.0
35,2025-04-07 04:00:00,OK,LONG,77369.6,76998.56964285714,78111.66071428574,2.0,HTF_LTF_RETEST,TDP_BOT,TREND_DOWN,DOWN,0.0136935137389197,0.0153019961365099,model=HTF_LTF_RETEST retest@77083.500000 tol=0.25*ATR,BE,77369.6,2025-04-07 04:00:00,BE_stop,True,True,0.7
36,2025-04-09 01:15:00,OK,LONG,74640.6,74436.59821428571,75048.6035714286,2.0,HTF_LTF_RETEST,TDP_BOT,TREND_DOWN,DOWN,0.0187553491730733,0.0182326833700414,model=HTF_LTF_RETEST retest@74456.200000 tol=0.25*ATR,BE,74640.6,2025-04-09 01:15:00,BE_stop,True,True,0.7
37,2025-04-13 19:30:00,OK,LONG,83475.2,82855.14642857143,84715.30714285713,2.0,HTF_LTF_RETEST,TDP_BOT,TREND_UP,UP,0.0120545291073616,0.0157016743247587,model=HTF_LTF_RETEST retest@83413.000000 tol=0.25*ATR,BE,83475.2,2025-04-13 19:30:00,BE_stop,True,True,0.7
38,2025-05-03 08:00:00,OK,LONG,96110.0,96054.13214285714,96221.73571428572,2.0,HTF_LTF_RETEST,TDP_BOT,TREND_UP,UP,0.0150102666528443,0.009378608662288,model=HTF_LTF_RETEST retest@96056.800000 tol=0.25*ATR,BE,96110.0,2025-05-03 08:00:00,BE_stop,True,True,0.7
39,2025-05-04 00:00:00,OK,LONG,95915.3,95666.51785714287,96412.86428571427,2.0,HTF_LTF_RETEST,TDP_BOT,TREND_UP,UP,0.0130319876742748,0.0079244560043595,model=HTF_LTF_RETEST retest@95700.100000 tol=0.25*ATR,LOSS,95666.51785714287,2025-05-04 01:30:00,SL,False,False,-1.0
40,2025-05-04 13:45:00,OK,LONG,95333.6,95154.20357142857,95692.39285714287,2.0,HTF_LTF_RETEST,TDP_BOT,TREND_UP,UP,0.0109840439472186,0.0075088447056755,model=HTF_LTF_RETEST retest@95233.000000 tol=0.25*ATR,BE,95333.6,2025-05-04 16:15:00,BE_stop,True,True,0.7
41,2025-05-04 17:30:00,OK,LONG,95327.2,95118.63392857143,95744.33214285712,2.0,HTF_LTF_RETEST,TDP_BOT,TREND_UP,UP,0.01025688438641,0.0071236945482418,model=HTF_LTF_RETEST retest@95187.500000 tol=0.25*ATR,BE,95327.2,2025-05-04 22:00:00,BE_stop,True,True,0.7
42,2025-05-04 23:45:00,OK,LONG,94224.1,94038.73392857143,94594.83214285717,2.0,HTF_LTF_RETEST,TDP_BOT,TREND_UP,UP,0.0084290884007034,0.0072145630925178,model=HTF_LTF_RETEST retest@94100.000000 tol=0.25*ATR,WIN,94594.83214285717,2025-05-05 00:15:00,TP,True,True,1.3
43,2025-05-06 13:45:00,OK,LONG,93562.9,93280.46964285715,94127.76071428569,2.0,HTF_LTF_RETEST,TDP_BOT,TREND_UP,UP,0.0041045891079661,0.0082057830841215,model=HTF_LTF_RETEST retest@93460.200000 tol=0.25*ATR,BE,93562.9,2025-05-06 14:00:00,BE_stop,True,True,0.7
44,2025-05-15 07:45:00,OK,LONG,101729.2,101607.22678571429,101973.14642857142,2.0,HTF_LTF_RETEST,TDP_BOT,TREND_UP,UP,0.0129584029455948,0.0111243519910844,model=HTF_LTF_RETEST retest@101716.700000 tol=0.25*ATR,BE,101729.2,2025-05-15 08:00:00,BE_stop,True,True,0.7
45,2025-05-23 23:45:00,OK,LONG,107275.9,106652.93571428572,108521.82857142854,2.0,HTF_LTF_RETEST,TDP_BOT,TREND_UP,UP,0.0189814916780767,0.0171866587529378,model=HTF_LTF_RETEST retest@106887.600000 tol=0.25*ATR,WIN,108521.82857142854,2025-05-24 04:45:00,TP,True,True,1.3
46,2025-05-28 16:00:00,OK,LONG,107248.1,106881.72678571427,107980.84642857147,2.0,HTF_LTF_RETEST,TDP_BOT,TREND_UP,UP,0.0065711480921444,0.0112695160158815,model=HTF_LTF_RETEST retest@107096.800000 tol=0.25*ATR,BE,107248.1,2025-05-28 19:30:00,BE_stop,True,True,0.7
47,2025-05-28 20:00:00,OK,LONG,106979.8,106640.25,107658.90000000001,2.0,HTF_LTF_RETEST,TDP_BOT,TREND_UP,UP,0.0052945545237683,0.0114847447913199,model=HTF_LTF_RETEST retest@106973.900000 tol=0.25*ATR,WIN,107658.90000000001,2025-05-28 23:00:00,TP,True,True,1.3
48,2025-05-29 19:45:00,OK,LONG,105692.9,105495.24464285714,106088.2107142857,2.0,HTF_LTF_RETEST,TDP_BOT,VOLATILE,UP,0.0011953460944328,0.012484890524475,model=HTF_LTF_RETEST retest@105600.000000 tol=0.25*ATR,BE,105692.9,2025-05-29 20:00:00,BE_stop,True,True,0.7
49,2025-05-30 00:00:00,OK,LONG,105885.8,105183.08214285714,107291.23571428574,2.0,HTF_LTF_RETEST,TDP_BOT,RANGE,DOWN,0.0001951552772122,0.0118867158421871,model=HTF_LTF_RETEST retest@105600.000000 tol=0.25*ATR,LOSS,105183.08214285714,2025-05-30 00:45:00,SL,False,False,-1.0
50,2025-06-02 11:45:00,OK,LONG,104004.4,103795.96428571429,104421.2714285714,2.0,HTF_LTF_RETEST,TDP_BOT,TREND_DOWN,DOWN,0.0095644345214555,0.0085142689018102,model=HTF_LTF_RETEST retest@103927.000000 tol=0.25*ATR,BE,104004.4,2025-06-02 13:30:00,BE_stop,True,True,0.7
51,2025-06-05 20:00:00,OK,LONG,101570.4,101177.21071428571,102356.77857142856,2.0,HTF_LTF_RETEST,TDP_BOT,TREND_DOWN,DOWN,0.006617092877473,0.0109341738069528,model=HTF_LTF_RETEST retest@101490.800000 tol=0.25*ATR,LOSS,101177.21071428571,2025-06-05 20:15:00,SL,True,False,0.4
52,2025-06-08 16:00:00,OK,SHORT,106095.9,106251.09464285715,105785.51071428569,2.0,HTF_LTF_RETEST,TDP_TOP,RANGE,DOWN,0.0009990900730169,0.0070460536475462,model=HTF_LTF_RETEST retest@106097.000000 tol=0.25*ATR,LOSS,106251.09464285715,2025-06-08 16:15:00,SL,True,False,0.4
53,2025-06-08 21:15:00,OK,SHORT,106247.2,106314.84642857143,106111.90714285713,2.0,HTF_LTF_RETEST,TDP_TOP,RANGE,DOWN,0.0002968012307748,0.0067446474861586,model=HTF_LTF_RETEST retest@106312.200000 tol=0.25*ATR,LOSS,106314.84642857143,2025-06-08 21:45:00,SL,True,False,0.4
54,2025-06-12 04:00:00,OK,LONG,107700.1,107629.65892857143,107840.98214285716,2.0,HTF_LTF_RETEST,TDP_BOT,TREND_UP,UP,0.0115163466801041,0.0105350603198626,model=HTF_LTF_RETEST retest@107673.400000 tol=0.25*ATR,BE,107700.1,2025-06-12 04:00:00,BE_stop,True,True,0.7
55,2025-06-12 19:45:00,OK,LONG,106735.2,106510.14464285714,107185.31071428572,2.0,HTF_LTF_RETEST,TDP_BOT,TREND_UP,UP,0.0085967999454804,0.009944217984705,model=HTF_LTF_RETEST retest@106554.300000 tol=0.25*ATR,BE,106735.2,2025-06-12 19:45:00,BE_stop,True,True,0.7
56,2025-06-12 19:45:00,OK,LONG,106735.2,106510.14464285714,107185.31071428572,2.0,HTF_LTF_RETEST,TDP_BOT,TREND_UP,UP,0.0076008895963579,0.010637741144172,model=HTF_LTF_RETEST retest@106554.300000 tol=0.25*ATR,BE,106735.2,2025-06-12 19:45:00,BE_stop,True,True,0.7
57,2025-06-13 16:00:00,OK,LONG,105808.3,105101.10178571429,107222.69642857143,2.0,HTF_LTF_RETEST,TDP_BOT,TREND_UP,UP,0.0061606253111351,0.0105816197724505,model=HTF_LTF_RETEST retest@105644.300000 tol=0.25*ATR,LOSS,105101.10178571429,2025-06-13 17:15:00,SL,False,False,-1.0
58,2025-06-16 20:45:00,OK,SHORT,108749.9,108916.17678571428,108417.34642857141,2.0,HTF_LTF_RETEST,TDP_TOP,RANGE,DOWN,0.0001100573056118,0.0086837269679946,model=HTF_LTF_RETEST retest@108873.800000 tol=0.25*ATR,BE,108749.9,2025-06-16 20:45:00,BE_stop,True,True,0.7
59,2025-06-17 15:45:00,OK,LONG,104192.3,103959.64642857143,104657.60714285714,2.0,HTF_LTF_RETEST,TDP_BOT,VOLATILE,DOWN,0.0007575793385209,0.0121389557029234,model=HTF_LTF_RETEST retest@104065.100000 tol=0.25*ATR,LOSS,103959.64642857143,2025-06-17 16:45:00,SL,True,False,0.4
60,2025-06-22 16:30:00,OK,LONG,99029.5,98416.99285714286,100254.51428571428,2.0,HTF_LTF_RETEST,TDP_BOT,TREND_DOWN,DOWN,0.0124621730880546,0.0133313413237192,model=HTF_LTF_RETEST retest@99020.200000 tol=0.25*ATR,WIN,100254.51428571428,2025-06-22 17:00:00,TP,True,True,1.3
61,2025-07-01 19:00:00,OK,LONG,105600.1,105327.3625,106145.57500000001,2.0,HTF_LTF_RETEST,TDP_BOT,TREND_UP,UP,0.005053579325778,0.0083569248814892,model=HTF_LTF_RETEST retest@105550.000000 tol=0.25*ATR,LOSS,105327.3625,2025-07-01 20:00:00,SL,False,False,-1.0
62,2025-07-01 20:00:00,OK,LONG,105399.1,105119.32321428572,105958.65357142859,2.0,HTF_LTF_RETEST,TDP_BOT,TREND_UP,UP,0.0039136064150195,0.008227938824195,model=HTF_LTF_RETEST retest@105346.100000 tol=0.25*ATR,WIN,105958.65357142859,2025-07-01 20:45:00,TP,True,True,1.3
63,2025-07-04 16:15:00,OK,LONG,107488.4,107222.66964285714,108019.86071428569,2.0,HTF_LTF_RETEST,TDP_BOT,TREND_UP,UP,0.0075252248097484,0.0090489025798998,model=HTF_LTF_RETEST retest@107452.300000 tol=0.25*ATR,BE,107488.4,2025-07-04 18:45:00,BE_stop,True,True,0.7
64,2025-07-15 04:00:00,OK,LONG,117034.8,116157.0482142857,118790.3035714286,2.0,HTF_LTF_RETEST,TDP_BOT,TREND_UP,UP,0.0267759250743341,0.0124886741938841,model=HTF_LTF_RETEST retest@116880.000000 tol=0.25*ATR,LOSS,116157.0482142857,2025-07-15 08:15:00,SL,False,False,-1.0
65,2025-07-18 17:00:00,OK,LONG,117605.1,117216.0375,118383.225,2.0,HTF_LTF_RETEST,TDP_BOT,TREND_UP,UP,0.013112759786158,0.0135777444496992,model=HTF_LTF_RETEST retest@117311.700000 tol=0.25*ATR,LOSS,117216.0375,2025-07-18 18:45:00,SL,True,False,0.4
66,2025-07-25 03:45:00,OK,LONG,115400.1,115203.90892857143,115792.48214285716,2.0,HTF_LTF_RETEST,TDP_BOT,TREND_UP,UP,0.0019870265382657,0.0113359025314041,model=HTF_LTF_RETEST retest@115297.700000 tol=0.25*ATR,LOSS,115203.90892857143,2025-07-25 04:00:00,SL,True,False,0.4
67,2025-07-25 07:45:00,OK,LONG,115329.5,114599.5125,116789.475,2.0,HTF_LTF_RETEST,TDP_BOT,RANGE,UP,0.0004780317059059,0.0115479684605537,model=HTF_LTF_RETEST retest@114923.700000 tol=0.25*ATR,WIN,116789.475,2025-07-25 11:30:00,TP,True,True,1.3
68,2025-07-26 16:30:00,OK,SHORT,118077.0,118282.61428571428,117665.77142857143,2.0,HTF_LTF_RETEST,TDP_TOP,RANGE,DOWN,0.0011003826147551,0.0105243046927383,model=HTF_LTF_RETEST retest@118252.100000 tol=0.25*ATR,LOSS,118282.61428571428,2025-07-26 19:45:00,SL,False,False,-1.0
69,2025-07-26 19:45:00,OK,SHORT,118235.2,118356.49642857142,117992.60714285714,2.0,HTF_LTF_RETEST,TDP_TOP,RANGE,DOWN,0.0007615956854226,0.010224112616209,model=HTF_LTF_RETEST retest@118252.100000 tol=0.25*ATR,WIN,117992.60714285714,2025-07-26 20:15:00,TP,True,True,1.3
70,2025-07-28 02:30:00,OK,SHORT,119614.5,119910.54107142857,119022.41785714286,2.0,HTF_LTF_RETEST,TDP_TOP,RANGE,UP,0.0014856638660147,0.0059662015721595,model=HTF_LTF_RETEST retest@119784.000000 tol=0.25*ATR,BE,119614.5,2025-07-28 05:45:00,BE_stop,True,True,0.7
71,2025-08-01 00:15:00,OK,LONG,115719.0,115129.34999999999,116898.30000000002,2.0,HTF_LTF_RETEST,TDP_BOT,RANGE,DOWN,0.0013599687155575,0.010061676245834,model=HTF_LTF_RETEST retest@115368.600000 tol=0.25*ATR,LOSS,115129.34999999999,2025-08-01 00:45:00,SL,False,False,-1.0
72,2025-08-05 15:45:00,OK,LONG,112882.1,112532.33214285714,113581.63571428575,2.0,HTF_LTF_RETEST,TDP_BOT,TREND_DOWN,DOWN,0.0088171877043157,0.0084780618766963,model=HTF_LTF_RETEST retest@112577.700000 tol=0.25*ATR,WIN,113581.63571428575,2025-08-05 17:45:00,TP,True,True,1.3
73,2025-08-07 21:30:00,OK,SHORT,117054.8,117363.58928571429,116437.22142857143,2.0,HTF_LTF_RETEST,TDP_TOP,RANGE,DOWN,0.0014227764819452,0.0098548774548045,model=HTF_LTF_RETEST retest@117080.000000 tol=0.25*ATR,LOSS,117363.58928571429,2025-08-07 22:00:00,SL,False,False,-1.0
74,2025-08-14 16:15:00,OK,LONG,117607.1,117186.64464285714,118448.01071428575,2.0,HTF_LTF_RETEST,TDP_BOT,TREND_UP,UP,0.0126931977420756,0.0133658522317855,model=HTF_LTF_RETEST retest@117224.600000 tol=0.25*ATR,LOSS,117186.64464285714,2025-08-14 18:15:00,SL,True,False,0.4
75,2025-08-18 03:45:00,OK,LONG,115268.6,114842.2517857143,116121.29642857143,2.0,HTF_LTF_RETEST,TDP_BOT,TREND_DOWN,DOWN,0.002666282426349,0.0065986251738486,model=HTF_LTF_RETEST retest@115056.000000 tol=0.25*ATR,LOSS,114842.2517857143,2025-08-18 06:30:00,SL,False,False,-1.0
76,2025-08-18 09:00:00,OK,LONG,114887.7,114725.66607142857,115211.76785714286,2.0,HTF_LTF_RETEST,TDP_BOT,TREND_DOWN,DOWN,0.0038563154991368,0.0065414596796483,model=HTF_LTF_RETEST retest@114828.900000 tol=0.25*ATR,LOSS,114725.66607142857,2025-08-18 09:15:00,SL,True,False,0.4
77,2025-08-19 16:15:00,OK,LONG,113592.9,113451.97857142857,113874.74285714285,2.0,HTF_LTF_RETEST,TDP_BOT,TREND_DOWN,DOWN,0.0088216255969188,0.0105403117211994,model=HTF_LTF_RETEST retest@113483.400000 tol=0.25*ATR,LOSS,113451.97857142857,2025-08-19 16:30:00,SL,True,False,0.4
78,2025-08-19 23:30:00,OK,LONG,112915.8,112695.58035714286,113356.2392857143,2.0,HTF_LTF_RETEST,TDP_BOT,TREND_DOWN,DOWN,0.0100923064630413,0.0109478695318924,model=HTF_LTF_RETEST retest@112712.200000 tol=0.25*ATR,LOSS,112695.58035714286,2025-08-19 23:45:00,SL,False,False,-1.0
79,2025-08-21 19:45:00,OK,LONG,112146.2,111868.37678571428,112701.84642857143,2.0,HTF_LTF_RETEST,TDP_BOT,TREND_DOWN,DOWN,0.0138916115900443,0.0099279206199458,model=HTF_LTF_RETEST retest@111945.200000 tol=0.25*ATR,WIN,112701.84642857143,2025-08-21 20:45:00,TP,True,True,1.3
80,2025-08-24 14:45:00,OK,LONG,114530.1,114342.85357142857,114904.59285714288,2.0,HTF_LTF_RETEST,TDP_BOT,TREND_DOWN,DOWN,0.0058273481143922,0.0115743102953057,model=HTF_LTF_RETEST retest@114504.700000 tol=0.25*ATR,BE,114530.1,2025-08-24 15:00:00,BE_stop,True,True,0.7
81,2025-08-29 11:00:00,OK,LONG,110058.0,109713.49285714286,110747.01428571428,2.0,HTF_LTF_RETEST,TDP_BOT,TREND_DOWN,DOWN,0.0086443489498188,0.011106290593533,model=HTF_LTF_RETEST retest@110000.100000 tol=0.25*ATR,WIN,110747.01428571428,2025-08-29 12:30:00,TP,True,True,1.3
82,2025-08-29 16:00:00,OK,LONG,108581.3,107948.86964285714,109846.16071428572,2.0,HTF_LTF_RETEST,TDP_BOT,TREND_DOWN,DOWN,0.010684558799029,0.0127617352726664,model=HTF_LTF_RETEST retest@108063.300000 tol=0.25*ATR,LOSS,107948.86964285714,2025-08-29 19:00:00,SL,False,False,-1.0
83,2025-09-04 13:45:00,OK,LONG,110427.5,110070.03035714285,111142.4392857143,2.0,HTF_LTF_RETEST,TDP_BOT,RANGE,DOWN,0.0004698062531627,0.0106853329148207,model=HTF_LTF_RETEST retest@110208.800000 tol=0.25*ATR,LOSS,110070.03035714285,2025-09-04 14:00:00,SL,False,False,-1.0
84,2025-09-04 16:15:00,OK,LONG,109354.3,109249.19821428572,109564.50357142858,2.0,HTF_LTF_RETEST,TDP_BOT,RANGE,DOWN,0.0009834949577142,0.010887414186269,model=HTF_LTF_RETEST retest@109276.700000 tol=0.25*ATR,BE,109354.3,2025-09-04 16:15:00,BE_stop,True,True,0.7
85,2025-09-19 18:00:00,OK,LONG,115425.0,115291.84821428571,115691.30357142858,2.0,HTF_LTF_RETEST,TDP_BOT,TREND_UP,UP,0.0076765522362998,0.0088097869527033,model=HTF_LTF_RETEST retest@115408.000000 tol=0.25*ATR,LOSS,115291.84821428571,2025-09-19 19:00:00,SL,True,False,0.4
86,2025-09-19 20:00:00,OK,LONG,115266.3,114986.00178571428,115826.89642857145,2.0,HTF_LTF_RETEST,TDP_BOT,TREND_UP,UP,0.0067397545260244,0.0089310000850417,model=HTF_LTF_RETEST retest@115123.700000 tol=0.25*ATR,WIN,115826.89642857145,2025-09-20 07:30:00,TP,True,True,1.3
87,2025-09-26 11:15:00,OK,LONG,108689.1,108492.14642857143,109083.00714285715,2.0,HTF_LTF_RETEST,TDP_BOT,TREND_DOWN,DOWN,0.0106964312324993,0.0109003207913593,model=HTF_LTF_RETEST retest@108560.000000 tol=0.25*ATR,BE,108689.1,2025-09-26 11:30:00,BE_stop,True,True,0.7
88,2025-09-26 11:15:00,OK,LONG,108689.1,108492.14642857143,109083.00714285715,2.0,HTF_LTF_RETEST,TDP_BOT,TREND_DOWN,DOWN,0.0121071013046822,0.0110310023709569,model=HTF_LTF_RETEST retest@108560.000000 tol=0.25*ATR,BE,108689.1,2025-09-26 11:30:00,BE_stop,True,True,0.7
89,2025-10-07 16:15:00,OK,LONG,121139.6,120484.67857142857,122449.44285714289,2.0,HTF_LTF_RETEST,TDP_BOT,TREND_UP,UP,0.022497047161865,0.011917173183663,model=HTF_LTF_RETEST retest@121089.500000 tol=0.25*ATR,BE,121139.6,2025-10-08 04:00:00,BE_stop,True,True,0.7
90,2025-10-09 15:45:00,OK,LONG,121083.4,120458.04821428572,122334.10357142854,2.0,HTF_LTF_RETEST,TDP_BOT,TREND_UP,UP,0.0179895787081623,0.0114515514139201,model=HTF_LTF_RETEST retest@120545.000000 tol=0.25*ATR,LOSS,120458.04821428572,2025-10-09 16:45:00,SL,False,False,-1.0
91,2025-10-10 16:15:00,OK,LONG,119036.0,118337.4625,120433.07500000001,2.0,HTF_LTF_RETEST,TDP_BOT,TREND_UP,UP,0.0057105755825692,0.0140993536640414,model=HTF_LTF_RETEST retest@118400.000000 tol=0.25*ATR,LOSS,118337.4625,2025-10-10 16:45:00,SL,False,False,-1.0
92,2025-10-14 09:45:00,OK,LONG,111230.6,110848.33571428571,111995.12857142859,2.0,HTF_LTF_RETEST,TDP_BOT,TREND_DOWN,DOWN,0.0183424562429296,0.0151099577706992,model=HTF_LTF_RETEST retest@111200.000000 tol=0.25*ATR,LOSS,110848.33571428571,2025-10-14 10:00:00,SL,False,False,-1.0
93,2025-10-28 00:45:00,OK,LONG,113925.0,113646.21071428571,114482.57857142857,2.0,HTF_LTF_RETEST,TDP_BOT,TREND_UP,UP,0.0124451710477338,0.0091586090737424,model=HTF_LTF_RETEST retest@113777.300000 tol=0.25*ATR,WIN,114482.57857142857,2025-10-28 01:30:00,TP,True,True,1.3
94,2025-10-29 01:15:00,OK,LONG,112150.1,111968.31964285714,112513.66071428574,2.0,HTF_LTF_RETEST,TDP_BOT,TREND_UP,UP,0.0112529192169563,0.0114230260858996,model=HTF_LTF_RETEST retest@112112.000000 tol=0.25*ATR,BE,112150.1,2025-10-29 01:30:00,BE_stop,True,True,0.7
95,2025-10-29 17:30:00,OK,LONG,111627.4,110841.925,113198.34999999998,2.0,HTF_LTF_RETEST,TDP_BOT,TREND_UP,UP,0.008232313318652,0.0111260706870726,model=HTF_LTF_RETEST retest@111600.000000 tol=0.25*ATR,LOSS,110841.925,2025-10-29 18:30:00,SL,False,False,-1.0
96,2025-10-30 05:15:00,OK,LONG,109087.5,108199.81607142858,110862.86785714285,2.0,HTF_LTF_RETEST,TDP_BOT,TREND_UP,UP,0.0049281153201909,0.0133884395022306,model=HTF_LTF_RETEST retest@109056.200000 tol=0.25*ATR,WIN,110862.86785714285,2025-10-30 06:30:00,TP,True,True,1.3
97,2025-10-30 19:45:00,OK,LONG,106481.5,106098.64821428571,107247.20357142857,2.0,HTF_LTF_RETEST,TDP_BOT,TREND_DOWN,DOWN,0.0035129763966047,0.0182137608075446,model=HTF_LTF_RETEST retest@106225.000000 tol=0.25*ATR,WIN,107247.20357142857,2025-10-30 20:30:00,TP,True,True,1.3
98,2025-11-03 05:00:00,OK,LONG,107903.8,107504.45357142857,108702.49285714286,2.0,HTF_LTF_RETEST,TDP_BOT,TREND_DOWN,DOWN,0.005108038243424,0.0083644513400364,model=HTF_LTF_RETEST retest@107890.000000 tol=0.25*ATR,LOSS,107504.45357142857,2025-11-03 05:30:00,SL,False,False,-1.0
99,2025-11-03 08:45:00,OK,LONG,107550.1,106763.775,109122.75000000003,2.0,HTF_LTF_RETEST,TDP_BOT,TREND_DOWN,DOWN,0.0063363091087525,0.0087617006544958,model=HTF_LTF_RETEST retest@106949.300000 tol=0.25*ATR,LOSS,106763.775,2025-11-03 10:45:00,SL,False,False,-1.0
100,2025-11-03 16:00:00,OK,LONG,106022.3,105025.52142857143,108015.85714285714,2.0,HTF_LTF_RETEST,TDP_BOT,TREND_DOWN,DOWN,0.0091135109840827,0.0105820731524367,model=HTF_LTF_RETEST retest@105415.200000 tol=0.25*ATR,BE,106022.3,2025-11-03 21:15:00,BE_stop,True,True,0.7
101,2025-11-04 16:00:00,OK,LONG,103032.8,102777.46607142857,103543.46785714287,2.0,HTF_LTF_RETEST,TDP_BOT,TREND_DOWN,DOWN,0.0169854779799061,0.0163885488933039,model=HTF_LTF_RETEST retest@102858.900000 tol=0.25*ATR,BE,103032.8,2025-11-04 16:00:00,BE_stop,True,True,0.7
102,2025-11-11 15:45:00,OK,LONG,103420.1,103044.90714285713,104170.48571428575,2.0,HTF_LTF_RETEST,TDP_BOT,TREND_DOWN,DOWN,0.0027013415848319,0.0146216395900934,model=HTF_LTF_RETEST retest@103316.600000 tol=0.25*ATR,LOSS,103044.90714285713,2025-11-11 17:30:00,SL,False,False,-1.0
103,2025-11-11 20:00:00,OK,LONG,102981.7,102645.75892857142,103653.58214285715,2.0,HTF_LTF_RETEST,TDP_BOT,TREND_DOWN,DOWN,0.003343067441084,0.0147009299633801,model=HTF_LTF_RETEST retest@102804.000000 tol=0.25*ATR,LOSS,102645.75892857142,2025-11-11 20:45:00,SL,False,False,-1.0
104,2025-11-13 05:30:00,OK,LONG,102520.0,101586.58928571429,104386.82142857142,2.0,HTF_LTF_RETEST,TDP_BOT,TREND_DOWN,DOWN,0.0039230061183892,0.0137553620123708,model=HTF_LTF_RETEST retest@102420.500000 tol=0.25*ATR,BE,102520.0,2025-11-13 09:00:00,BE_stop,True,True,0.7
105,2025-11-13 05:30:00,OK,LONG,102520.0,101586.58928571429,104386.82142857142,2.0,HTF_LTF_RETEST,TDP_BOT,TREND_DOWN,DOWN,0.0049049627065427,0.0145587106591002,model=HTF_LTF_RETEST retest@102420.500000 tol=0.25*ATR,BE,102520.0,2025-11-13 09:00:00,BE_stop,True,True,0.7
106,2025-11-13 03:15:00,OK,LONG,102070.3,100731.62857142858,104747.64285714286,2.0,HTF_LTF_RETEST,TDP_BOT,TREND_DOWN,DOWN,0.0062299124627495,0.0151725294035223,model=HTF_LTF_RETEST retest@100741.800000 tol=0.25*ATR,LOSS,100731.62857142858,2025-11-13 16:15:00,SL,True,False,0.4
107,2025-11-14 11:30:00,OK,LONG,96160.1,95540.73928571428,97398.82142857145,2.0,HTF_LTF_RETEST,TDP_BOT,TREND_DOWN,DOWN,0.0157524097539966,0.0203572881470642,model=HTF_LTF_RETEST retest@95858.600000 tol=0.25*ATR,LOSS,95540.73928571428,2025-11-14 12:00:00,SL,False,False,-1.0
108,2025-11-14 11:45:00,OK,LONG,96123.2,95542.91607142857,97283.76785714286,2.0,HTF_LTF_RETEST,TDP_BOT,TREND_DOWN,DOWN,0.0184801744800989,0.0213567439642934,model=HTF_LTF_RETEST retest@95656.200000 tol=0.25*ATR,LOSS,95542.91607142857,2025-11-14 12:00:00,SL,False,False,-1.0
109,2025-12-02 15:00:00,OK,LONG,90604.9,88241.46071428571,95331.77857142856,2.0,HTF_LTF_RETEST,TDP_BOT,TREND_UP,UP,0.0061154581536071,0.0091508449915069,model=HTF_LTF_RETEST retest@90464.000000 tol=0.25*ATR,NO_HIT,,,,True,True,0.7
110,2025-12-01 03:45:00,OK,LONG,86322.2,86005.1732142857,86956.25357142858,2.0,HTF_LTF_RETEST,TDP_BOT,TREND_UP,UP,0.0033258020584335,0.0112729650409412,model=HTF_LTF_RETEST retest@86127.400000 tol=0.25*ATR,LOSS,86005.1732142857,2025-12-01 04:00:00,SL,False,False,-1.0
111,2025-12-01 15:45:00,OK,LONG,84641.3,83602.06071428572,86719.77857142857,2.0,HTF_LTF_RETEST,TDP_BOT,TREND_DOWN,DOWN,0.0049517162457567,0.0139140956348395,model=HTF_LTF_RETEST retest@83824.500000 tol=0.25*ATR,WIN,86719.77857142857,2025-12-01 22:00:00,TP,True,True,1.3
112,2025-12-08 01:30:00,OK,SHORT,91212.9,91785.35535714285,90067.98928571428,2.0,HTF_LTF_RETEST,TDP_TOP,RANGE,DOWN,0.0008889629593806,0.0117963993139198,model=HTF_LTF_RETEST retest@91726.200000 tol=0.25*ATR,LOSS,91785.35535714285,2025-12-08 07:30:00,SL,False,False,-1.0
113,2025-12-08 07:15:00,OK,SHORT,91659.9,91748.35357142857,91482.99285714285,2.0,HTF_LTF_RETEST,TDP_TOP,VOLATILE,DOWN,0.0002351311103692,0.0121088421923479,model=HTF_LTF_RETEST retest@91726.200000 tol=0.25*ATR,BE,91659.9,2025-12-08 07:15:00,BE_stop,True,True,0.7
114,2025-12-11 14:45:00,OK,LONG,89502.5,89130.19107142856,90247.11785714288,2.0,HTF_LTF_RETEST,TDP_BOT,TREND_UP,UP,0.0055005125703045,0.0168080276881322,model=HTF_LTF_RETEST retest@89336.500000 tol=0.25*ATR,BE,89502.5,2025-12-11 14:45:00,BE_stop,True,True,0.7
115,2025-12-11 16:00:00,OK,LONG,89356.0,89197.02142857143,89673.95714285714,2.0,HTF_LTF_RETEST,TDP_BOT,TREND_UP,UP,0.0025572023775179,0.0163969035890218,model=HTF_LTF_RETEST retest@89198.900000 tol=0.25*ATR,BE,89356.0,2025-12-11 16:00:00,BE_stop,True,True,0.7
116,2025-12-12 16:15:00,OK,LONG,90361.3,89462.8232142857,92158.2535714286,2.0,HTF_LTF_RETEST,TDP_BOT,TREND_UP,UP,0.0033049479235412,0.0179770846588455,model=HTF_LTF_RETEST retest@90170.500000 tol=0.25*ATR,LOSS,89462.8232142857,2025-12-12 16:30:00,SL,False,False,-1.0
117,2025-12-15 15:45:00,OK,LONG,86989.4,86445.45714285714,88077.28571428571,2.0,HTF_LTF_RETEST,TDP_BOT,TREND_DOWN,DOWN,0.0073254291886724,0.0109210350423647,model=HTF_LTF_RETEST retest@86575.000000 tol=0.25*ATR,LOSS,86445.45714285714,2025-12-15 16:30:00,SL,False,False,-1.0
