timestamp,model,side,entry,sl,tp,ctx_from_ts,ctx_sub_label
2025-02-11 21:30:00,TDP_MVP_REENTRY,LONG,96212.4,94805.76392857142,100432.3082142857,2025-02-11 18:15:00,TDP_BOT
2025-02-12 03:15:00,TDP_MVP_REENTRY,LONG,95654.0,95035.76678571428,97508.69964285716,2025-02-12 03:00:00,TDP_BOT
2025-02-12 04:00:00,TDP_MVP_REENTRY,LONG,95484.1,95205.10142857143,96321.09571428572,2025-02-12 03:45:00,TDP_BOT
2025-02-12 04:30:00,TDP_MVP_REENTRY,LONG,95374.7,95240.1175,95778.44750000001,2025-02-12 04:15:00,TDP_BOT
2025-02-12 13:45:00,TDP_MVP_REENTRY,LONG,94912.2,93981.25142857143,97705.0457142857,2025-02-12 13:30:00,TDP_BOT
2025-02-14 19:45:00,TDP_MVP_REENTRY,SHORT,97911.2,98849.58214285714,95096.05357142858,2025-02-14 17:45:00,TDP_TOP
2025-02-16 14:45:00,TDP_MVP_REENTRY,LONG,96926.5,96629.56142857143,97817.31571428572,2025-02-16 13:45:00,TDP_BOT
2025-02-17 00:15:00,TDP_MVP_REENTRY,LONG,96369.9,95968.45642857143,97574.23071428569,2025-02-16 23:15:00,TDP_BOT
2025-02-17 01:00:00,TDP_MVP_REENTRY,LONG,96371.1,96119.28392857143,97126.54821428574,2025-02-17 00:30:00,TDP_BOT
2025-02-17 01:30:00,TDP_MVP_REENTRY,LONG,96241.6,96013.09999999999,96927.10000000005,2025-02-17 01:15:00,TDP_BOT
2025-02-17 05:00:00,TDP_MVP_REENTRY,LONG,96168.7,95721.24821428572,97511.05535714283,2025-02-17 04:30:00,TDP_BOT
2025-02-17 08:45:00,TDP_MVP_REENTRY,LONG,96112.2,95911.8625,96713.21249999998,2025-02-17 08:30:00,TDP_BOT
2025-02-17 20:15:00,TDP_MVP_REENTRY,LONG,95752.7,95145.73607142858,97573.59178571426,2025-02-17 15:45:00,TDP_BOT
2025-02-18 20:00:00,TDP_MVP_REENTRY,LONG,94407.6,93296.23000000001,97741.70999999999,2025-02-18 17:30:00,TDP_BOT
2025-02-20 03:15:00,TDP_MVP_REENTRY,SHORT,96958.9,97430.40464285713,95544.38607142858,2025-02-20 03:00:00,TDP_TOP
2025-02-20 03:45:00,TDP_MVP_REENTRY,SHORT,97027.3,97102.90285714285,96800.49142857146,2025-02-20 03:30:00,TDP_TOP
2025-02-20 04:30:00,TDP_MVP_REENTRY,SHORT,97209.5,97343.32535714286,96808.0239285714,2025-02-20 04:00:00,TDP_TOP
2025-02-20 05:00:00,TDP_MVP_REENTRY,SHORT,97098.8,97235.60714285714,96688.37857142858,2025-02-20 04:45:00,TDP_TOP
2025-02-20 18:30:00,TDP_MVP_REENTRY,SHORT,98232.2,98418.01535714285,97674.75392857143,2025-02-20 18:15:00,TDP_TOP
2025-02-20 19:30:00,TDP_MVP_REENTRY,SHORT,98317.1,98506.89678571429,97747.70964285717,2025-02-20 18:45:00,TDP_TOP
2025-02-20 20:45:00,TDP_MVP_REENTRY,SHORT,98403.3,98693.93071428571,97531.40785714287,2025-02-20 19:45:00,TDP_TOP
2025-02-21 00:15:00,TDP_MVP_REENTRY,SHORT,98289.4,98467.37642857143,97755.4707142857,2025-02-21 00:00:00,TDP_TOP
2025-02-21 14:30:00,TDP_MVP_REENTRY,SHORT,98592.5,99464.82535714285,95975.52392857145,2025-02-21 13:00:00,TDP_TOP
2025-02-21 15:45:00,TDP_MVP_REENTRY,LONG,98074.8,97084.95142857142,101044.34571428574,2025-02-21 15:30:00,TDP_BOT
2025-02-21 18:15:00,TDP_MVP_REENTRY,LONG,97064.1,96595.48928571428,98469.93214285717,2025-02-21 17:30:00,TDP_BOT
2025-02-22 05:30:00,TDP_MVP_REENTRY,LONG,96568.9,94799.14321428571,101878.17035714285,2025-02-21 18:30:00,TDP_BOT
2025-02-23 10:45:00,TDP_MVP_REENTRY,LONG,96192.3,96004.16285714284,96756.71142857148,2025-02-23 10:30:00,TDP_BOT
2025-02-23 14:00:00,TDP_MVP_REENTRY,LONG,96001.3,95634.65892857143,97101.22321428572,2025-02-23 11:30:00,TDP_BOT
2025-02-23 16:00:00,TDP_MVP_REENTRY,LONG,95560.3,95349.19035714286,96193.62892857144,2025-02-23 15:45:00,TDP_BOT
2025-02-23 16:30:00,TDP_MVP_REENTRY,LONG,95562.2,95447.91428571427,95905.05714285717,2025-02-23 16:15:00,TDP_BOT
2025-02-23 17:30:00,TDP_MVP_REENTRY,LONG,95585.1,95245.75357142858,96603.1392857143,2025-02-23 16:45:00,TDP_BOT
2025-02-24 03:30:00,TDP_MVP_REENTRY,LONG,95767.3,95253.90678571428,97307.47964285717,2025-02-24 03:15:00,TDP_BOT
2025-02-24 04:00:00,TDP_MVP_REENTRY,LONG,95459.9,95370.10285714286,95729.29142857139,2025-02-24 03:45:00,TDP_BOT
2025-02-24 04:45:00,TDP_MVP_REENTRY,LONG,95313.2,95074.2425,96030.07250000001,2025-02-24 04:15:00,TDP_BOT
2025-02-24 19:45:00,TDP_MVP_REENTRY,LONG,93984.9,93609.94285714286,95109.7714285714,2025-02-24 19:30:00,TDP_BOT
2025-02-25 01:30:00,TDP_MVP_REENTRY,LONG,92299.9,90794.125,96817.22499999998,2025-02-24 23:00:00,TDP_BOT
2025-02-25 07:45:00,TDP_MVP_REENTRY,LONG,89227.5,88064.00964285714,92717.97107142858,2025-02-25 07:30:00,TDP_BOT
2025-02-25 08:30:00,TDP_MVP_REENTRY,LONG,89652.0,89466.81928571429,90207.54214285714,2025-02-25 08:15:00,TDP_BOT
2025-02-25 09:30:00,TDP_MVP_REENTRY,LONG,88942.2,88465.84,90371.28,2025-02-25 08:45:00,TDP_BOT
2025-02-25 10:45:00,TDP_MVP_REENTRY,LONG,88176.2,86790.32107142857,92333.83678571429,2025-02-25 10:00:00,TDP_BOT
2025-02-25 11:30:00,TDP_MVP_REENTRY,LONG,88823.2,87581.665,92547.80500000001,2025-02-25 11:00:00,TDP_BOT
2025-02-25 15:30:00,TDP_MVP_REENTRY,LONG,87001.9,86026.03214285715,89929.50357142853,2025-02-25 14:30:00,TDP_BOT
2025-02-25 16:30:00,TDP_MVP_REENTRY,LONG,87324.1,86140.41321428571,90875.16035714289,2025-02-25 15:45:00,TDP_BOT
2025-02-25 17:00:00,TDP_MVP_REENTRY,LONG,87523.0,87078.27464285716,88857.17607142853,2025-02-25 16:45:00,TDP_BOT
2025-02-26 20:30:00,TDP_MVP_REENTRY,LONG,84066.0,82001.7367857143,90258.78964285711,2025-02-26 20:15:00,TDP_BOT
2025-02-28 03:00:00,TDP_MVP_REENTRY,LONG,80979.3,79357.77964285713,85843.86107142862,2025-02-28 02:30:00,TDP_BOT
2025-02-28 03:30:00,TDP_MVP_REENTRY,LONG,80892.4,80290.93250000001,82696.80249999995,2025-02-28 03:15:00,TDP_BOT
2025-02-28 04:15:00,TDP_MVP_REENTRY,LONG,80287.1,79237.47642857143,83435.97071428572,2025-02-28 03:45:00,TDP_BOT
2025-02-28 06:45:00,TDP_MVP_REENTRY,LONG,79315.2,78907.46250000001,80538.41249999996,2025-02-28 06:00:00,TDP_BOT
2025-02-28 08:15:00,TDP_MVP_REENTRY,LONG,78830.8,78272.72928571429,80505.01214285714,2025-02-28 08:00:00,TDP_BOT
2025-02-28 08:45:00,TDP_MVP_REENTRY,LONG,78943.3,78174.87071428572,81248.58785714286,2025-02-28 08:30:00,TDP_BOT
2025-03-02 18:30:00,TDP_MVP_REENTRY,SHORT,92624.1,95126.1107142857,85118.0678571429,2025-03-02 17:30:00,TDP_TOP
2025-03-02 21:00:00,TDP_MVP_REENTRY,SHORT,94039.5,94530.61499999999,92566.15500000003,2025-03-02 19:15:00,TDP_TOP
2025-03-03 22:45:00,TDP_MVP_REENTRY,LONG,86583.0,84976.7125,91401.86250000002,2025-03-03 19:00:00,TDP_BOT
2025-03-04 02:30:00,TDP_MVP_REENTRY,LONG,83414.3,82336.34714285714,86648.1585714286,2025-03-04 02:00:00,TDP_BOT
2025-03-04 03:15:00,TDP_MVP_REENTRY,LONG,83991.3,83309.02214285714,86038.1335714286,2025-03-04 02:45:00,TDP_BOT
2025-03-04 03:45:00,TDP_MVP_REENTRY,LONG,83939.9,83518.75785714286,85203.3264285714,2025-03-04 03:30:00,TDP_BOT
2025-03-04 14:30:00,TDP_MVP_REENTRY,LONG,84041.3,81993.61928571429,90184.34214285715,2025-03-04 14:15:00,TDP_BOT
2025-03-04 20:45:00,TDP_MVP_REENTRY,SHORT,86841.8,88875.125,80741.82500000001,2025-03-04 19:00:00,TDP_TOP
2025-03-04 21:30:00,TDP_MVP_REENTRY,SHORT,87931.8,88992.00035714285,84751.19892857145,2025-03-04 21:15:00,TDP_TOP
2025-03-06 05:00:00,TDP_MVP_REENTRY,SHORT,92111.7,92445.36714285714,91110.69857142857,2025-03-06 04:45:00,TDP_TOP
2025-03-06 06:00:00,TDP_MVP_REENTRY,SHORT,92336.0,92801.63678571429,90939.08964285713,2025-03-06 05:30:00,TDP_TOP
2025-03-06 17:45:00,TDP_MVP_REENTRY,LONG,88592.0,87890.50571428571,90696.48285714287,2025-03-06 17:30:00,TDP_BOT
2025-03-06 18:45:00,TDP_MVP_REENTRY,LONG,88386.2,88058.48535714285,89369.34392857143,2025-03-06 18:00:00,TDP_BOT
2025-03-06 19:30:00,TDP_MVP_REENTRY,LONG,88446.3,87767.9425,90481.3725,2025-03-06 19:00:00,TDP_BOT
2025-03-07 01:30:00,TDP_MVP_REENTRY,LONG,88661.2,84550.18714285715,100994.23857142855,2025-03-07 00:15:00,TDP_BOT
2025-03-09 11:45:00,TDP_MVP_REENTRY,LONG,84954.3,84572.17428571428,86100.67714285717,2025-03-09 10:45:00,TDP_BOT
2025-03-09 12:15:00,TDP_MVP_REENTRY,LONG,84560.1,84140.91071428572,85817.66785714285,2025-03-09 12:00:00,TDP_BOT
2025-03-09 13:15:00,TDP_MVP_REENTRY,LONG,84507.9,84214.51964285715,85388.04107142852,2025-03-09 12:45:00,TDP_BOT
2025-03-09 14:45:00,TDP_MVP_REENTRY,LONG,83558.3,82919.96357142857,85473.3092857143,2025-03-09 14:00:00,TDP_BOT
2025-03-09 16:00:00,TDP_MVP_REENTRY,LONG,83479.7,82556.02,86250.73999999998,2025-03-09 15:15:00,TDP_BOT
2025-03-09 17:00:00,TDP_MVP_REENTRY,LONG,82746.6,82229.62714285713,84297.51857142862,2025-03-09 16:45:00,TDP_BOT
2025-03-09 17:45:00,TDP_MVP_REENTRY,LONG,82319.9,82122.36571428571,82912.50285714284,2025-03-09 17:15:00,TDP_BOT
2025-03-10 01:45:00,TDP_MVP_REENTRY,LONG,81691.9,79887.5282142857,87105.01535714287,2025-03-09 21:45:00,TDP_BOT
2025-03-10 15:00:00,TDP_MVP_REENTRY,LONG,80184.9,79082.89642857143,83490.91071428568,2025-03-10 14:00:00,TDP_BOT
2025-03-10 20:45:00,TDP_MVP_REENTRY,LONG,79260.1,77360.52750000001,84958.81749999999,2025-03-10 15:45:00,TDP_BOT
2025-03-11 00:45:00,TDP_MVP_REENTRY,LONG,77612.9,76517.94285714286,80897.7714285714,2025-03-11 00:30:00,TDP_BOT
2025-03-11 01:15:00,TDP_MVP_REENTRY,LONG,77700.0,76718.97678571429,80643.06964285714,2025-03-11 01:00:00,TDP_BOT
2025-03-14 16:00:00,TDP_MVP_REENTRY,SHORT,84517.3,85325.11392857142,82093.85821428576,2025-03-14 15:15:00,TDP_TOP
2025-03-14 17:00:00,TDP_MVP_REENTRY,SHORT,84540.5,84872.46607142857,83544.60178571429,2025-03-14 16:30:00,TDP_TOP
2025-03-14 17:30:00,TDP_MVP_REENTRY,SHORT,84204.2,84693.1425,82737.37249999998,2025-03-14 17:15:00,TDP_TOP
2025-03-16 12:15:00,TDP_MVP_REENTRY,LONG,82818.4,82296.03571428572,84385.4928571428,2025-03-16 11:30:00,TDP_BOT
2025-03-16 12:45:00,TDP_MVP_REENTRY,LONG,82704.4,82503.32107142857,83307.63678571428,2025-03-16 12:30:00,TDP_BOT
2025-03-16 23:15:00,TDP_MVP_REENTRY,LONG,82393.9,81915.43892857143,83829.2832142857,2025-03-16 22:00:00,TDP_BOT
2025-03-19 14:15:00,TDP_MVP_REENTRY,SHORT,83928.7,84383.19357142856,82565.2192857143,2025-03-19 13:15:00,TDP_TOP
2025-03-19 15:00:00,TDP_MVP_REENTRY,SHORT,84176.7,84481.68464285714,83261.74607142856,2025-03-19 14:45:00,TDP_TOP
2025-03-19 16:00:00,TDP_MVP_REENTRY,SHORT,84481.9,84865.92857142857,83329.81428571428,2025-03-19 15:15:00,TDP_TOP
2025-03-19 16:30:00,TDP_MVP_REENTRY,SHORT,84420.9,84793.39714285714,83303.40857142856,2025-03-19 16:15:00,TDP_TOP
2025-03-19 17:00:00,TDP_MVP_REENTRY,SHORT,84510.1,84704.69392857143,83926.31821428573,2025-03-19 16:45:00,TDP_TOP
2025-03-19 19:15:00,TDP_MVP_REENTRY,SHORT,84977.4,85954.95357142857,82044.73928571425,2025-03-19 18:45:00,TDP_TOP
2025-03-19 19:45:00,TDP_MVP_REENTRY,SHORT,85406.0,85490.22964285714,85153.31107142857,2025-03-19 19:30:00,TDP_TOP
2025-03-19 20:30:00,TDP_MVP_REENTRY,SHORT,85330.0,85841.83035714287,83794.50892857139,2025-03-19 20:00:00,TDP_TOP
2025-03-19 21:30:00,TDP_MVP_REENTRY,SHORT,85551.4,85919.25214285715,84447.84357142853,2025-03-19 20:45:00,TDP_TOP
2025-03-20 01:30:00,TDP_MVP_REENTRY,SHORT,85735.3,87417.8875,80687.53750000002,2025-03-19 22:30:00,TDP_TOP
2025-03-20 17:30:00,TDP_MVP_REENTRY,LONG,84311.8,83577.87785714286,86513.56642857144,2025-03-20 16:15:00,TDP_BOT
2025-03-20 18:00:00,TDP_MVP_REENTRY,LONG,84182.5,83810.35607142857,85298.93178571429,2025-03-20 17:45:00,TDP_BOT
2025-03-23 11:30:00,TDP_MVP_REENTRY,SHORT,84728.7,84995.01107142857,83929.76678571428,2025-03-23 11:15:00,TDP_TOP
2025-03-23 13:30:00,TDP_MVP_REENTRY,SHORT,84801.0,85008.34535714285,84178.96392857144,2025-03-23 13:15:00,TDP_TOP
2025-03-23 14:45:00,TDP_MVP_REENTRY,SHORT,84860.1,85068.43214285714,84235.1035714286,2025-03-23 14:30:00,TDP_TOP
2025-03-23 16:30:00,TDP_MVP_REENTRY,SHORT,85054.1,85306.90785714285,84295.67642857146,2025-03-23 15:00:00,TDP_TOP
2025-03-23 17:15:00,TDP_MVP_REENTRY,SHORT,85203.7,85411.35035714286,84580.74892857141,2025-03-23 16:45:00,TDP_TOP
2025-03-23 22:30:00,TDP_MVP_REENTRY,SHORT,85297.1,85657.37749999999,84216.26750000006,2025-03-23 22:15:00,TDP_TOP
2025-03-23 23:30:00,TDP_MVP_REENTRY,SHORT,85634.8,85836.96892857144,85028.29321428569,2025-03-23 23:00:00,TDP_TOP
2025-03-24 01:00:00,TDP_MVP_REENTRY,SHORT,85773.5,86621.91214285714,83228.26357142859,2025-03-23 23:45:00,TDP_TOP
2025-03-24 05:15:00,TDP_MVP_REENTRY,SHORT,86848.9,87023.03571428571,86326.49285714285,2025-03-24 04:15:00,TDP_TOP
2025-03-24 05:45:00,TDP_MVP_REENTRY,SHORT,86869.2,86980.68250000001,86534.75249999996,2025-03-24 05:30:00,TDP_TOP
2025-03-24 06:15:00,TDP_MVP_REENTRY,SHORT,86974.2,87281.55642857144,86052.13071428568,2025-03-24 06:00:00,TDP_TOP
2025-03-24 07:00:00,TDP_MVP_REENTRY,SHORT,87001.5,87161.58214285715,86521.25357142855,2025-03-24 06:45:00,TDP_TOP
2025-03-24 09:15:00,TDP_MVP_REENTRY,SHORT,87231.9,87499.69285714286,86428.5214285714,2025-03-24 08:15:00,TDP_TOP
2025-03-24 11:15:00,TDP_MVP_REENTRY,SHORT,87511.7,87900.06821428571,86346.59535714285,2025-03-24 10:00:00,TDP_TOP
2025-03-24 15:00:00,TDP_MVP_REENTRY,SHORT,87868.8,88754.04285714286,85213.07142857142,2025-03-24 14:00:00,TDP_TOP
2025-03-24 16:15:00,TDP_MVP_REENTRY,SHORT,87807.2,88466.86142857143,85828.2157142857,2025-03-24 15:30:00,TDP_TOP
2025-03-24 19:15:00,TDP_MVP_REENTRY,SHORT,88306.7,88491.30750000001,87752.87749999996,2025-03-24 18:45:00,TDP_TOP
2025-03-25 04:00:00,TDP_MVP_REENTRY,LONG,86565.5,86247.93678571428,87518.18964285716,2025-03-25 03:30:00,TDP_BOT
2025-03-25 04:30:00,TDP_MVP_REENTRY,LONG,86441.4,86301.94785714285,86859.75642857143,2025-03-25 04:15:00,TDP_BOT
2025-03-25 05:15:00,TDP_MVP_REENTRY,LONG,86562.6,86330.04142857142,87260.27571428576,2025-03-25 04:45:00,TDP_BOT
2025-03-25 21:15:00,TDP_MVP_REENTRY,SHORT,87915.2,88200.70035714285,87058.69892857144,2025-03-25 21:00:00,TDP_TOP
2025-03-26 19:15:00,TDP_MVP_REENTRY,LONG,86080.5,85783.49250000001,86971.52249999998,2025-03-26 19:00:00,TDP_BOT
2025-03-29 13:45:00,TDP_MVP_REENTRY,LONG,82802.0,81944.72750000001,85373.81749999998,2025-03-29 11:15:00,TDP_BOT
2025-03-29 17:15:00,TDP_MVP_REENTRY,LONG,82141.0,81592.60357142857,83786.1892857143,2025-03-29 16:15:00,TDP_BOT
2025-03-29 17:45:00,TDP_MVP_REENTRY,LONG,82292.9,82021.34428571428,83107.56714285714,2025-03-29 17:30:00,TDP_BOT
2025-03-31 14:15:00,TDP_MVP_REENTRY,SHORT,82775.0,83573.09142857142,80380.72571428573,2025-03-31 14:00:00,TDP_TOP
2025-03-31 15:00:00,TDP_MVP_REENTRY,SHORT,83402.3,83826.41428571429,82129.95714285715,2025-03-31 14:30:00,TDP_TOP
2025-03-31 16:30:00,TDP_MVP_REENTRY,SHORT,83319.9,83603.66071428572,82468.6178571428,2025-03-31 16:15:00,TDP_TOP
2025-04-01 11:30:00,TDP_MVP_REENTRY,SHORT,83952.0,84481.7675,82362.6975,2025-04-01 08:30:00,TDP_TOP
2025-04-01 16:15:00,TDP_MVP_REENTRY,SHORT,84880.0,85492.695,83041.91499999998,2025-04-01 15:15:00,TDP_TOP
2025-04-01 17:15:00,TDP_MVP_REENTRY,SHORT,85087.1,85259.58785714286,84569.63642857144,2025-04-01 16:30:00,TDP_TOP
2025-04-01 22:15:00,TDP_MVP_REENTRY,SHORT,85177.9,85442.00571428571,84385.58285714284,2025-04-01 22:00:00,TDP_TOP
2025-04-02 20:15:00,TDP_MVP_REENTRY,SHORT,85831.3,88585.31642857143,77569.25071428572,2025-04-02 20:00:00,TDP_TOP
2025-04-03 00:30:00,TDP_MVP_REENTRY,LONG,83158.0,82058.66821428572,86455.99535714285,2025-04-02 22:30:00,TDP_BOT
2025-04-04 10:15:00,TDP_MVP_REENTRY,SHORT,82912.1,84746.01392857142,77410.35821428575,2025-04-04 07:15:00,TDP_TOP
2025-04-04 18:00:00,TDP_MVP_REENTRY,SHORT,83990.9,84637.00285714286,82052.59142857141,2025-04-04 17:45:00,TDP_TOP
2025-04-04 19:15:00,TDP_MVP_REENTRY,SHORT,84209.0,84456.32107142858,83467.03678571426,2025-04-04 19:00:00,TDP_TOP
2025-04-04 19:45:00,TDP_MVP_REENTRY,SHORT,83989.0,84477.42,82523.74,2025-04-04 19:30:00,TDP_TOP
2025-04-06 19:45:00,TDP_MVP_REENTRY,LONG,79579.5,78620.6575,82456.0275,2025-04-06 18:30:00,TDP_BOT
2025-04-06 21:00:00,TDP_MVP_REENTRY,LONG,79290.0,78407.565,81937.305,2025-04-06 20:00:00,TDP_BOT
2025-04-06 23:30:00,TDP_MVP_REENTRY,LONG,78281.7,77052.74,81968.57999999997,2025-04-06 22:30:00,TDP_BOT
2025-04-07 00:15:00,TDP_MVP_REENTRY,LONG,78273.5,77318.37071428572,81138.88785714285,2025-04-07 00:00:00,TDP_BOT
2025-04-07 03:45:00,TDP_MVP_REENTRY,LONG,77650.0,77275.08821428572,78774.73535714285,2025-04-07 03:30:00,TDP_BOT
2025-04-07 04:15:00,TDP_MVP_REENTRY,LONG,77378.4,76857.91392857143,78939.85821428568,2025-04-07 04:00:00,TDP_BOT
2025-04-07 04:45:00,TDP_MVP_REENTRY,LONG,76946.0,76543.26,78154.22000000002,2025-04-07 04:30:00,TDP_BOT
2025-04-07 05:15:00,TDP_MVP_REENTRY,LONG,77164.4,76583.1575,78908.12749999997,2025-04-07 05:00:00,TDP_BOT
2025-04-07 08:30:00,TDP_MVP_REENTRY,LONG,76603.4,74426.60678571428,83133.77964285715,2025-04-07 05:30:00,TDP_BOT
2025-04-08 02:15:00,TDP_MVP_REENTRY,SHORT,80424.2,80857.865,79123.20499999997,2025-04-08 02:00:00,TDP_TOP
2025-04-08 17:30:00,TDP_MVP_REENTRY,LONG,77282.7,76474.83785714286,79706.2864285714,2025-04-08 17:15:00,TDP_BOT
2025-04-08 18:15:00,TDP_MVP_REENTRY,LONG,77281.9,77002.53071428572,78120.00785714282,2025-04-08 18:00:00,TDP_BOT
2025-04-08 23:30:00,TDP_MVP_REENTRY,LONG,76327.5,76233.3575,76609.9275,2025-04-08 23:15:00,TDP_BOT
2025-04-09 01:45:00,TDP_MVP_REENTRY,LONG,76026.1,74542.63642857142,80476.49071428576,2025-04-09 01:00:00,TDP_BOT
2025-04-09 02:45:00,TDP_MVP_REENTRY,LONG,75622.0,75486.52464285714,76028.42607142858,2025-04-09 02:30:00,TDP_BOT
2025-04-09 04:00:00,TDP_MVP_REENTRY,LONG,75760.0,74904.62857142858,78326.11428571427,2025-04-09 03:15:00,TDP_BOT
2025-04-09 18:45:00,TDP_MVP_REENTRY,SHORT,81750.0,83018.75964285714,77943.72107142858,2025-04-09 17:45:00,TDP_TOP
2025-04-09 19:30:00,TDP_MVP_REENTRY,SHORT,82278.3,82591.15785714287,81339.7264285714,2025-04-09 19:00:00,TDP_TOP
2025-04-09 20:00:00,TDP_MVP_REENTRY,SHORT,82125.3,82523.68535714285,80930.14392857146,2025-04-09 19:45:00,TDP_TOP
2025-04-11 11:30:00,TDP_MVP_REENTRY,SHORT,82182.1,82969.63964285715,79819.48107142858,2025-04-11 09:30:00,TDP_TOP
2025-04-11 22:30:00,TDP_MVP_REENTRY,SHORT,83349.4,84315.175,80452.07499999997,2025-04-11 17:30:00,TDP_TOP
2025-04-12 14:45:00,TDP_MVP_REENTRY,SHORT,84781.3,85264.91357142857,83330.45928571431,2025-04-12 14:30:00,TDP_TOP
2025-04-12 15:45:00,TDP_MVP_REENTRY,SHORT,84977.5,85406.89821428571,83689.30535714286,2025-04-12 15:15:00,TDP_TOP
2025-04-12 16:30:00,TDP_MVP_REENTRY,SHORT,84713.3,85202.08964285714,83246.93107142858,2025-04-12 16:00:00,TDP_TOP
2025-04-12 19:30:00,TDP_MVP_REENTRY,SHORT,84844.6,85232.665,83680.40500000004,2025-04-12 19:15:00,TDP_TOP
2025-04-12 21:00:00,TDP_MVP_REENTRY,SHORT,85291.4,85898.77428571429,83469.27714285711,2025-04-12 20:15:00,TDP_TOP
2025-04-12 21:45:00,TDP_MVP_REENTRY,SHORT,85327.0,85543.60785714285,84677.17642857145,2025-04-12 21:30:00,TDP_TOP
2025-04-12 22:15:00,TDP_MVP_REENTRY,SHORT,85436.8,85683.28964285714,84697.33107142859,2025-04-12 22:00:00,TDP_TOP
2025-04-13 01:30:00,TDP_MVP_REENTRY,SHORT,85670.0,86110.76392857142,84347.70821428573,2025-04-13 01:15:00,TDP_TOP
2025-04-13 14:00:00,TDP_MVP_REENTRY,LONG,83724.4,83398.33428571429,84702.59714285712,2025-04-13 13:45:00,TDP_BOT
2025-04-13 14:30:00,TDP_MVP_REENTRY,LONG,83986.2,83612.35107142857,85107.74678571429,2025-04-13 14:15:00,TDP_BOT
2025-04-13 15:45:00,TDP_MVP_REENTRY,LONG,83801.8,83603.29571428572,84397.31285714285,2025-04-13 15:00:00,TDP_BOT
2025-04-13 19:45:00,TDP_MVP_REENTRY,LONG,83943.6,82933.50928571429,86973.87214285716,2025-04-13 19:30:00,TDP_BOT
2025-04-13 20:45:00,TDP_MVP_REENTRY,LONG,83449.9,83066.54357142857,84599.96928571427,2025-04-13 20:30:00,TDP_BOT
2025-04-13 21:15:00,TDP_MVP_REENTRY,LONG,83637.9,82962.1625,85665.11249999996,2025-04-13 21:00:00,TDP_BOT
2025-04-14 02:45:00,TDP_MVP_REENTRY,SHORT,85085.5,85560.30750000001,83661.07749999997,2025-04-14 02:30:00,TDP_TOP
2025-04-16 01:15:00,TDP_MVP_REENTRY,LONG,83456.7,83042.5625,84699.11249999999,2025-04-16 01:00:00,TDP_BOT
2025-04-16 15:45:00,TDP_MVP_REENTRY,SHORT,84799.9,85244.25749999999,83466.8275,2025-04-16 15:15:00,TDP_TOP
2025-04-16 16:15:00,TDP_MVP_REENTRY,SHORT,84799.7,85091.18607142857,83925.24178571427,2025-04-16 16:00:00,TDP_TOP
2025-04-16 17:30:00,TDP_MVP_REENTRY,SHORT,84328.0,85543.00607142856,80682.9817857143,2025-04-16 16:30:00,TDP_TOP
2025-04-16 18:00:00,TDP_MVP_REENTRY,LONG,84228.1,83200.87142857142,87309.78571428575,2025-04-16 17:45:00,TDP_BOT
2025-04-19 10:15:00,TDP_MVP_REENTRY,SHORT,85176.6,85431.78678571428,84411.03964285717,2025-04-19 08:30:00,TDP_TOP
2025-04-19 14:00:00,TDP_MVP_REENTRY,SHORT,85385.9,85482.99357142857,85094.61928571427,2025-04-19 13:30:00,TDP_TOP
2025-04-19 14:30:00,TDP_MVP_REENTRY,SHORT,85341.8,85492.34785714286,84890.15642857144,2025-04-19 14:15:00,TDP_TOP
2025-04-19 15:30:00,TDP_MVP_REENTRY,SHORT,85233.2,85650.67285714287,83980.78142857138,2025-04-19 15:15:00,TDP_TOP
2025-04-20 12:15:00,TDP_MVP_REENTRY,LONG,84333.9,83877.20892857143,85703.97321428568,2025-04-20 10:30:00,TDP_BOT
2025-04-21 11:15:00,TDP_MVP_REENTRY,SHORT,86784.1,87787.84178571428,83772.87464285719,2025-04-21 00:45:00,TDP_TOP
2025-04-21 16:15:00,TDP_MVP_REENTRY,SHORT,87721.9,88460.97357142856,85504.67928571429,2025-04-21 14:00:00,TDP_TOP
2025-04-22 14:15:00,TDP_MVP_REENTRY,SHORT,90184.5,90508.13214285714,89213.60357142858,2025-04-22 13:45:00,TDP_TOP
2025-04-22 15:30:00,TDP_MVP_REENTRY,SHORT,90390.7,91388.87535714285,87396.17392857143,2025-04-22 14:30:00,TDP_TOP
2025-04-22 16:00:00,TDP_MVP_REENTRY,SHORT,90750.0,91022.37857142858,89932.86428571427,2025-04-22 15:45:00,TDP_TOP
2025-04-22 18:15:00,TDP_MVP_REENTRY,SHORT,91136.1,91663.30214285714,89554.49357142861,2025-04-22 18:00:00,TDP_TOP
2025-04-22 19:30:00,TDP_MVP_REENTRY,SHORT,91146.0,91689.18714285715,89516.43857142856,2025-04-22 18:30:00,TDP_TOP
2025-04-22 22:30:00,TDP_MVP_REENTRY,SHORT,92706.1,93323.25571428571,90854.63285714289,2025-04-22 22:00:00,TDP_TOP
2025-04-22 23:30:00,TDP_MVP_REENTRY,SHORT,93476.0,93866.80821428572,92303.57535714285,2025-04-22 23:00:00,TDP_TOP
2025-04-23 00:15:00,TDP_MVP_REENTRY,SHORT,93274.0,93902.48749999999,91388.53750000003,2025-04-22 23:45:00,TDP_TOP
2025-04-25 12:45:00,TDP_MVP_REENTRY,SHORT,94371.4,94990.13714285714,92515.18857142855,2025-04-25 11:45:00,TDP_TOP
2025-04-25 14:15:00,TDP_MVP_REENTRY,SHORT,94647.4,95333.63535714286,92588.69392857139,2025-04-25 14:00:00,TDP_TOP
2025-04-25 15:15:00,TDP_MVP_REENTRY,SHORT,95250.1,95752.00035714285,93744.39892857146,2025-04-25 14:45:00,TDP_TOP
2025-04-27 05:30:00,TDP_MVP_REENTRY,LONG,93889.9,93582.92678571428,94810.81964285712,2025-04-27 05:15:00,TDP_BOT
2025-04-27 06:00:00,TDP_MVP_REENTRY,LONG,93960.0,93787.34964285714,94477.95107142859,2025-04-27 05:45:00,TDP_BOT
2025-04-27 06:45:00,TDP_MVP_REENTRY,LONG,93969.0,93806.34464285715,94456.96607142856,2025-04-27 06:30:00,TDP_BOT
2025-04-28 07:00:00,TDP_MVP_REENTRY,SHORT,94458.8,94650.55571428571,93883.53285714287,2025-04-28 06:45:00,TDP_TOP
2025-04-28 07:45:00,TDP_MVP_REENTRY,SHORT,94650.0,94772.24714285714,94283.25857142857,2025-04-28 07:15:00,TDP_TOP
2025-04-28 08:30:00,TDP_MVP_REENTRY,SHORT,94684.0,94809.49535714285,94307.51392857145,2025-04-28 08:00:00,TDP_TOP
2025-04-28 09:00:00,TDP_MVP_REENTRY,SHORT,94630.1,94851.60357142857,93965.58928571432,2025-04-28 08:45:00,TDP_TOP
2025-04-28 09:45:00,TDP_MVP_REENTRY,SHORT,94685.2,94818.56035714285,94285.11892857144,2025-04-28 09:30:00,TDP_TOP
2025-04-28 13:30:00,TDP_MVP_REENTRY,SHORT,94721.2,95575.7625,92157.5125,2025-04-28 10:30:00,TDP_TOP
2025-05-01 11:00:00,TDP_MVP_REENTRY,SHORT,96125.0,96239.54392857144,95781.36821428569,2025-05-01 10:45:00,TDP_TOP
2025-05-01 12:15:00,TDP_MVP_REENTRY,SHORT,96164.0,96372.45821428571,95538.62535714287,2025-05-01 11:15:00,TDP_TOP
2025-05-01 12:45:00,TDP_MVP_REENTRY,SHORT,96330.2,96444.34285714285,95987.77142857143,2025-05-01 12:30:00,TDP_TOP
2025-05-01 13:30:00,TDP_MVP_REENTRY,SHORT,96137.6,96719.88678571428,94390.7396428572,2025-05-01 13:15:00,TDP_TOP
2025-05-01 17:30:00,TDP_MVP_REENTRY,SHORT,96538.9,97400.47857142858,93954.16428571423,2025-05-01 14:45:00,TDP_TOP
2025-05-02 01:00:00,TDP_MVP_REENTRY,SHORT,96956.9,97149.91642857142,96377.85071428571,2025-05-02 00:45:00,TDP_TOP
2025-05-02 01:30:00,TDP_MVP_REENTRY,SHORT,96784.1,97119.7607142857,95777.11785714292,2025-05-02 01:15:00,TDP_TOP
2025-05-02 02:00:00,TDP_MVP_REENTRY,SHORT,96736.8,96981.22321428571,96003.53035714288,2025-05-02 01:45:00,TDP_TOP
2025-05-02 02:30:00,TDP_MVP_REENTRY,SHORT,96896.0,97009.1107142857,96556.66785714288,2025-05-02 02:15:00,TDP_TOP
2025-05-02 03:15:00,TDP_MVP_REENTRY,SHORT,96996.3,97166.6725,96485.18250000001,2025-05-02 03:00:00,TDP_TOP
2025-05-03 07:00:00,TDP_MVP_REENTRY,LONG,96204.8,96049.965,96669.30500000002,2025-05-03 06:45:00,TDP_BOT
2025-05-03 07:30:00,TDP_MVP_REENTRY,LONG,96306.6,96100.88821428572,96923.73535714287,2025-05-03 07:15:00,TDP_BOT
2025-05-03 08:15:00,TDP_MVP_REENTRY,LONG,96313.0,96082.10285714286,97005.69142857142,2025-05-03 07:45:00,TDP_BOT
2025-05-04 00:00:00,TDP_MVP_REENTRY,LONG,95915.3,95723.74714285714,96489.95857142858,2025-05-03 23:45:00,TDP_BOT
2025-05-04 00:45:00,TDP_MVP_REENTRY,LONG,95826.4,95722.92178571428,96136.83464285714,2025-05-04 00:15:00,TDP_BOT
2025-05-04 01:45:00,TDP_MVP_REENTRY,LONG,96049.2,95527.19107142856,97615.2267857143,2025-05-04 01:30:00,TDP_BOT
2025-05-04 10:30:00,TDP_MVP_REENTRY,LONG,95441.3,95224.91678571429,96090.44964285714,2025-05-04 10:15:00,TDP_BOT
2025-05-04 11:00:00,TDP_MVP_REENTRY,LONG,95427.2,95308.46107142858,95783.41678571425,2025-05-04 10:45:00,TDP_BOT
2025-05-04 13:45:00,TDP_MVP_REENTRY,LONG,95333.6,95180.78964285714,95792.0310714286,2025-05-04 13:30:00,TDP_BOT
2025-05-04 17:00:00,TDP_MVP_REENTRY,LONG,95406.5,95227.93142857144,95942.2057142857,2025-05-04 16:45:00,TDP_BOT
2025-05-04 17:30:00,TDP_MVP_REENTRY,LONG,95327.2,95145.78392857143,95871.4482142857,2025-05-04 17:15:00,TDP_BOT
2025-05-05 00:15:00,TDP_MVP_REENTRY,LONG,94676.4,94090.99857142857,96432.60428571426,2025-05-04 22:45:00,TDP_BOT
2025-05-05 02:15:00,TDP_MVP_REENTRY,LONG,94226.5,93444.15964285714,96573.5210714286,2025-05-05 01:15:00,TDP_BOT
2025-05-05 11:45:00,TDP_MVP_REENTRY,LONG,93997.9,93839.58107142856,94472.85678571429,2025-05-05 11:30:00,TDP_BOT
2025-05-05 13:45:00,TDP_MVP_REENTRY,LONG,94211.2,93598.81142857143,96048.36571428571,2025-05-05 13:30:00,TDP_BOT
2025-05-05 15:15:00,TDP_MVP_REENTRY,LONG,93798.0,93542.55642857144,94564.3307142857,2025-05-05 15:00:00,TDP_BOT
2025-05-07 03:00:00,TDP_MVP_REENTRY,SHORT,96385.1,97716.55071428571,92390.7478571429,2025-05-06 23:15:00,TDP_TOP
2025-05-08 05:30:00,TDP_MVP_REENTRY,SHORT,98840.0,99410.18642857144,97129.44071428568,2025-05-08 02:45:00,TDP_TOP
2025-05-08 15:45:00,TDP_MVP_REENTRY,SHORT,100716.5,101521.60464285714,98301.18607142857,2025-05-08 15:30:00,TDP_TOP
2025-05-08 16:15:00,TDP_MVP_REENTRY,SHORT,100831.4,101154.20071428572,99862.99785714282,2025-05-08 16:00:00,TDP_TOP
2025-05-08 17:00:00,TDP_MVP_REENTRY,SHORT,101202.9,101325.99285714286,100833.6214285714,2025-05-08 16:30:00,TDP_TOP
2025-05-08 17:30:00,TDP_MVP_REENTRY,SHORT,101010.9,101713.98214285713,98901.65357142859,2025-05-08 17:15:00,TDP_TOP
2025-05-08 21:45:00,TDP_MVP_REENTRY,SHORT,102809.3,104273.66642857144,98416.2007142857,2025-05-08 21:00:00,TDP_TOP
2025-05-08 22:45:00,TDP_MVP_REENTRY,SHORT,102995.7,103241.95392857143,102256.9382142857,2025-05-08 22:30:00,TDP_TOP
2025-05-11 00:15:00,TDP_MVP_REENTRY,SHORT,103892.0,104999.75499999999,100568.73500000003,2025-05-10 23:15:00,TDP_TOP
2025-05-12 19:00:00,TDP_MVP_REENTRY,LONG,101800.0,100667.00964285714,105198.97107142858,2025-05-12 18:15:00,TDP_BOT
2025-05-12 19:45:00,TDP_MVP_REENTRY,LONG,101803.0,101397.36714285714,103019.89857142858,2025-05-12 19:15:00,TDP_BOT
2025-05-13 03:30:00,TDP_MVP_REENTRY,LONG,101792.8,101360.68535714285,103089.14392857146,2025-05-13 03:15:00,TDP_BOT
2025-05-13 12:00:00,TDP_MVP_REENTRY,SHORT,103494.3,103799.56428571428,102578.50714285717,2025-05-13 11:30:00,TDP_TOP
2025-05-13 21:00:00,TDP_MVP_REENTRY,SHORT,104240.1,104967.105,102059.08500000004,2025-05-13 19:15:00,TDP_TOP
2025-05-15 08:30:00,TDP_MVP_REENTRY,LONG,102119.9,101654.84964285714,103515.05107142856,2025-05-15 07:15:00,TDP_BOT
2025-05-15 18:00:00,TDP_MVP_REENTRY,SHORT,103870.9,104225.05107142856,102808.44678571429,2025-05-15 17:15:00,TDP_TOP
2025-05-15 22:15:00,TDP_MVP_REENTRY,SHORT,103614.2,103941.24321428571,102633.07035714285,2025-05-15 22:00:00,TDP_TOP
2025-05-15 23:45:00,TDP_MVP_REENTRY,SHORT,103710.0,103881.72642857143,103194.8207142857,2025-05-15 23:30:00,TDP_TOP
2025-05-16 00:15:00,TDP_MVP_REENTRY,SHORT,103689.7,103949.13464285714,102911.39607142856,2025-05-16 00:00:00,TDP_TOP
2025-05-18 19:45:00,TDP_MVP_REENTRY,SHORT,103842.3,105956.21964285715,97500.54107142857,2025-05-18 13:30:00,TDP_TOP
2025-05-18 23:00:00,TDP_MVP_REENTRY,SHORT,105721.5,106016.80535714286,104835.58392857142,2025-05-18 22:45:00,TDP_TOP
2025-05-18 23:30:00,TDP_MVP_REENTRY,SHORT,105773.8,105892.27607142857,105418.3717857143,2025-05-18 23:15:00,TDP_TOP
2025-05-19 00:30:00,TDP_MVP_REENTRY,SHORT,105487.7,107158.11035714285,100476.46892857143,2025-05-18 23:45:00,TDP_TOP
2025-05-19 05:30:00,TDP_MVP_REENTRY,LONG,102981.0,102399.94392857143,104724.1682142857,2025-05-19 04:15:00,TDP_BOT
2025-05-19 06:00:00,TDP_MVP_REENTRY,LONG,103051.9,102744.24964285715,103974.85107142854,2025-05-19 05:45:00,TDP_BOT
2025-05-19 07:00:00,TDP_MVP_REENTRY,LONG,102550.0,101976.93892857143,104269.18321428572,2025-05-19 06:15:00,TDP_BOT
2025-05-20 20:00:00,TDP_MVP_REENTRY,SHORT,106580.1,107260.00214285715,104540.39357142858,2025-05-20 19:45:00,TDP_TOP
2025-05-21 06:45:00,TDP_MVP_REENTRY,SHORT,107718.4,108051.80678571429,106718.17964285711,2025-05-21 06:15:00,TDP_TOP
2025-05-21 17:15:00,TDP_MVP_REENTRY,SHORT,106910.0,109855.33571428571,98073.99285714286,2025-05-21 14:45:00,TDP_TOP
2025-05-21 23:30:00,TDP_MVP_REENTRY,SHORT,109544.1,110821.96142857143,105710.51571428572,2025-05-21 23:00:00,TDP_TOP
2025-05-22 00:15:00,TDP_MVP_REENTRY,SHORT,109659.3,110175.53571428571,108110.59285714288,2025-05-22 00:00:00,TDP_TOP
2025-05-22 01:15:00,TDP_MVP_REENTRY,SHORT,109969.7,110564.53785714286,108185.18642857141,2025-05-22 00:45:00,TDP_TOP
2025-05-22 05:45:00,TDP_MVP_REENTRY,SHORT,110841.1,111912.17892857143,107627.86321428572,2025-05-22 03:30:00,TDP_TOP
2025-05-23 23:45:00,TDP_MVP_REENTRY,LONG,107275.9,106738.28142857143,108888.7557142857,2025-05-23 22:45:00,TDP_BOT
2025-05-24 00:30:00,TDP_MVP_REENTRY,LONG,107429.4,106811.0767857143,109284.3696428571,2025-05-24 00:00:00,TDP_BOT
2025-05-24 01:00:00,TDP_MVP_REENTRY,LONG,107562.9,107269.28892857142,108443.73321428572,2025-05-24 00:45:00,TDP_BOT
2025-05-25 23:15:00,TDP_MVP_REENTRY,SHORT,108608.1,109319.61392857143,106473.55821428573,2025-05-25 22:45:00,TDP_TOP
2025-05-26 00:00:00,TDP_MVP_REENTRY,SHORT,108899.4,109067.19357142856,108396.01928571428,2025-05-25 23:30:00,TDP_TOP
2025-05-26 01:15:00,TDP_MVP_REENTRY,SHORT,109296.8,109817.9325,107733.40250000003,2025-05-26 00:15:00,TDP_TOP
2025-05-26 01:45:00,TDP_MVP_REENTRY,SHORT,109507.3,109860.20071428572,108448.59785714286,2025-05-26 01:30:00,TDP_TOP
2025-05-26 02:15:00,TDP_MVP_REENTRY,SHORT,109490.5,109784.58071428571,108608.25785714287,2025-05-26 02:00:00,TDP_TOP
2025-05-26 03:00:00,TDP_MVP_REENTRY,SHORT,109285.9,109441.68535714285,108818.54392857142,2025-05-26 02:45:00,TDP_TOP
2025-05-28 18:00:00,TDP_MVP_REENTRY,LONG,107777.1,106961.15357142857,110224.93928571431,2025-05-28 14:15:00,TDP_BOT
2025-05-28 20:00:00,TDP_MVP_REENTRY,LONG,106979.8,106703.25571428571,107809.43285714288,2025-05-28 19:30:00,TDP_BOT
2025-05-28 20:30:00,TDP_MVP_REENTRY,LONG,107300.1,106820.74714285714,108738.15857142859,2025-05-28 20:15:00,TDP_BOT
2025-05-29 20:15:00,TDP_MVP_REENTRY,LONG,106095.0,105578.18642857143,107645.44071428572,2025-05-29 18:45:00,TDP_BOT
2025-05-30 00:00:00,TDP_MVP_REENTRY,LONG,105885.8,105237.0475,107832.05750000001,2025-05-29 23:15:00,TDP_BOT
2025-05-30 01:00:00,TDP_MVP_REENTRY,LONG,105451.5,104506.25535714286,108287.23392857143,2025-05-30 00:30:00,TDP_BOT
2025-05-30 09:15:00,TDP_MVP_REENTRY,LONG,105209.5,104994.99107142857,105853.0267857143,2025-05-30 08:30:00,TDP_BOT
2025-05-30 17:00:00,TDP_MVP_REENTRY,LONG,104050.1,103642.14785714286,105273.95642857144,2025-05-30 16:45:00,TDP_BOT
2025-05-30 17:30:00,TDP_MVP_REENTRY,LONG,104063.4,103877.12464285715,104622.22607142854,2025-05-30 17:15:00,TDP_BOT
2025-05-30 18:00:00,TDP_MVP_REENTRY,LONG,104260.1,103992.69464285714,105062.3160714286,2025-05-30 17:45:00,TDP_BOT
2025-06-01 18:15:00,TDP_MVP_REENTRY,SHORT,104703.2,105277.91107142858,102979.06678571425,2025-06-01 16:00:00,TDP_TOP
2025-06-02 02:00:00,TDP_MVP_REENTRY,SHORT,105215.5,105856.62821428572,103292.11535714283,2025-06-01 21:30:00,TDP_TOP
2025-06-02 12:30:00,TDP_MVP_REENTRY,LONG,104166.5,103785.82857142857,105308.51428571428,2025-06-02 11:30:00,TDP_BOT
2025-06-02 14:00:00,TDP_MVP_REENTRY,LONG,104065.1,103591.83571428571,105484.89285714288,2025-06-02 13:45:00,TDP_BOT
2025-06-03 01:00:00,TDP_MVP_REENTRY,SHORT,106109.9,106374.19142857143,105317.02571428569,2025-06-03 00:15:00,TDP_TOP
2025-06-03 01:30:00,TDP_MVP_REENTRY,SHORT,106186.1,106324.1175,105772.04750000004,2025-06-03 01:15:00,TDP_TOP
2025-06-03 02:00:00,TDP_MVP_REENTRY,SHORT,106199.7,106491.14928571429,105325.35214285713,2025-06-03 01:45:00,TDP_TOP
2025-06-05 17:15:00,TDP_MVP_REENTRY,LONG,103420.9,103076.05714285714,104455.42857142855,2025-06-05 17:00:00,TDP_BOT
2025-06-05 18:15:00,TDP_MVP_REENTRY,LONG,103249.1,102502.30964285714,105489.47107142859,2025-06-05 17:30:00,TDP_BOT
2025-06-05 18:45:00,TDP_MVP_REENTRY,LONG,102964.7,102729.70392857143,103669.6882142857,2025-06-05 18:30:00,TDP_BOT
2025-06-06 04:00:00,TDP_MVP_REENTRY,LONG,102491.4,100329.43071428571,108977.30785714283,2025-06-05 19:00:00,TDP_BOT
2025-06-06 17:00:00,TDP_MVP_REENTRY,SHORT,104472.1,105335.35392857142,101882.33821428576,2025-06-06 14:00:00,TDP_TOP
2025-06-07 07:00:00,TDP_MVP_REENTRY,SHORT,104897.9,105299.71571428572,103692.45285714282,2025-06-07 06:45:00,TDP_TOP
2025-06-08 15:15:00,TDP_MVP_REENTRY,SHORT,105939.9,106059.24107142858,105581.87678571424,2025-06-08 15:00:00,TDP_TOP
2025-06-08 15:45:00,TDP_MVP_REENTRY,SHORT,105921.5,106021.24464285714,105622.26607142857,2025-06-08 15:30:00,TDP_TOP
2025-06-08 17:00:00,TDP_MVP_REENTRY,SHORT,106110.5,106261.78642857143,105656.6407142857,2025-06-08 16:30:00,TDP_TOP
2025-06-08 17:30:00,TDP_MVP_REENTRY,SHORT,106189.5,106309.77464285714,105828.67607142858,2025-06-08 17:15:00,TDP_TOP
2025-06-08 18:30:00,TDP_MVP_REENTRY,SHORT,106218.3,106266.51214285714,106073.66357142858,2025-06-08 18:15:00,TDP_TOP
2025-06-08 20:30:00,TDP_MVP_REENTRY,SHORT,106223.0,106254.97392857143,106127.0782142857,2025-06-08 20:15:00,TDP_TOP
2025-06-09 10:45:00,TDP_MVP_REENTRY,SHORT,107163.0,107459.06821428571,106274.79535714287,2025-06-09 10:15:00,TDP_TOP
2025-06-09 11:15:00,TDP_MVP_REENTRY,SHORT,107406.0,107597.30285714286,106832.09142857142,2025-06-09 11:00:00,TDP_TOP
2025-06-09 12:00:00,TDP_MVP_REENTRY,SHORT,107530.3,107795.84857142856,106733.65428571432,2025-06-09 11:30:00,TDP_TOP
2025-06-09 12:45:00,TDP_MVP_REENTRY,SHORT,107704.1,107966.28071428572,106917.55785714286,2025-06-09 12:15:00,TDP_TOP
2025-06-09 16:45:00,TDP_MVP_REENTRY,SHORT,107657.6,108198.70928571429,106034.27214285717,2025-06-09 16:15:00,TDP_TOP
2025-06-09 17:30:00,TDP_MVP_REENTRY,SHORT,108262.2,108360.69285714286,107966.72142857141,2025-06-09 17:15:00,TDP_TOP
2025-06-09 18:15:00,TDP_MVP_REENTRY,SHORT,108393.4,108553.07999999999,107914.36000000002,2025-06-09 18:00:00,TDP_TOP
2025-06-09 19:30:00,TDP_MVP_REENTRY,SHORT,108388.0,108747.59464285713,107309.2160714286,2025-06-09 18:30:00,TDP_TOP
2025-06-09 22:00:00,TDP_MVP_REENTRY,SHORT,109870.9,110183.47964285714,108933.16107142855,2025-06-09 21:45:00,TDP_TOP
2025-06-09 22:45:00,TDP_MVP_REENTRY,SHORT,110132.6,110413.95928571429,109288.52214285717,2025-06-09 22:15:00,TDP_TOP
2025-06-10 00:00:00,TDP_MVP_REENTRY,SHORT,109938.6,110285.38,108898.26000000001,2025-06-09 23:00:00,TDP_TOP
2025-06-12 03:30:00,TDP_MVP_REENTRY,LONG,107998.0,107660.44214285714,109010.67357142859,2025-06-12 03:15:00,TDP_BOT
2025-06-12 04:45:00,TDP_MVP_REENTRY,LONG,107723.2,107292.29964285715,109015.90107142854,2025-06-12 03:45:00,TDP_BOT
2025-06-12 05:15:00,TDP_MVP_REENTRY,LONG,107812.2,107540.69107142858,108626.72678571426,2025-06-12 05:00:00,TDP_BOT
2025-06-12 05:45:00,TDP_MVP_REENTRY,LONG,107697.1,107594.12857142858,108006.0142857143,2025-06-12 05:30:00,TDP_BOT
2025-06-12 13:30:00,TDP_MVP_REENTRY,LONG,107082.2,106542.22428571428,108702.12714285713,2025-06-12 13:15:00,TDP_BOT
2025-06-12 20:15:00,TDP_MVP_REENTRY,LONG,106838.8,106206.12892857143,108736.81321428572,2025-06-12 19:45:00,TDP_BOT
2025-06-12 21:15:00,TDP_MVP_REENTRY,LONG,106348.0,105675.73071428572,108364.80785714285,2025-06-12 20:30:00,TDP_BOT
2025-06-12 22:00:00,TDP_MVP_REENTRY,LONG,106104.8,105755.90785714287,107151.4764285714,2025-06-12 21:30:00,TDP_BOT
2025-06-12 22:45:00,TDP_MVP_REENTRY,LONG,105830.1,105619.1567857143,106462.92964285714,2025-06-12 22:15:00,TDP_BOT
2025-06-13 03:00:00,TDP_MVP_REENTRY,LONG,103949.0,102601.87785714286,107990.36642857143,2025-06-13 00:15:00,TDP_BOT
2025-06-14 17:00:00,TDP_MVP_REENTRY,LONG,104548.6,104308.175,105269.87500000001,2025-06-14 16:45:00,TDP_BOT
2025-06-14 17:45:00,TDP_MVP_REENTRY,LONG,104558.3,104431.39285714286,104939.02142857145,2025-06-14 17:30:00,TDP_BOT
2025-06-14 18:45:00,TDP_MVP_REENTRY,LONG,104847.7,104274.08535714286,106568.54392857141,2025-06-14 18:30:00,TDP_BOT
2025-06-15 01:15:00,TDP_MVP_REENTRY,SHORT,105398.5,105638.50749999999,104678.47750000002,2025-06-15 01:00:00,TDP_TOP
2025-06-15 02:30:00,TDP_MVP_REENTRY,SHORT,105486.3,105582.43821428572,105197.88535714285,2025-06-15 02:15:00,TDP_TOP
2025-06-15 22:00:00,TDP_MVP_REENTRY,LONG,105106.6,104424.0,107154.40000000002,2025-06-15 20:30:00,TDP_BOT
2025-06-16 06:30:00,TDP_MVP_REENTRY,SHORT,106615.1,106765.0517857143,106165.24464285713,2025-06-16 05:30:00,TDP_TOP
2025-06-16 11:00:00,TDP_MVP_REENTRY,SHORT,106724.8,107247.12071428572,105157.83785714286,2025-06-16 06:45:00,TDP_TOP
2025-06-16 14:00:00,TDP_MVP_REENTRY,SHORT,106906.6,107190.82642857142,106053.92071428575,2025-06-16 13:45:00,TDP_TOP
2025-06-16 23:30:00,TDP_MVP_REENTRY,SHORT,107098.0,108968.52928571429,101486.41214285712,2025-06-16 14:15:00,TDP_TOP
2025-06-17 19:15:00,TDP_MVP_REENTRY,LONG,105088.0,103287.09571428571,110490.71285714288,2025-06-17 14:30:00,TDP_BOT
2025-06-20 14:00:00,TDP_MVP_REENTRY,SHORT,105454.5,106509.39607142856,102289.81178571431,2025-06-20 07:45:00,TDP_TOP
2025-06-20 15:00:00,TDP_MVP_REENTRY,LONG,104230.1,103793.74928571428,105539.15214285719,2025-06-20 14:45:00,TDP_BOT
2025-06-20 20:00:00,TDP_MVP_REENTRY,LONG,103558.9,102236.2625,107526.81249999999,2025-06-20 17:00:00,TDP_BOT
2025-06-22 00:15:00,TDP_MVP_REENTRY,LONG,102449.9,100782.93857142857,107450.78428571425,2025-06-21 21:15:00,TDP_BOT
2025-06-22 13:45:00,TDP_MVP_REENTRY,LONG,100804.6,100199.53357142858,102619.7992857143,2025-06-22 13:15:00,TDP_BOT
2025-06-22 22:00:00,TDP_MVP_REENTRY,LONG,100294.0,98104.80535714286,106861.58392857142,2025-06-22 14:00:00,TDP_BOT
2025-06-23 22:30:00,TDP_MVP_REENTRY,SHORT,105069.5,106051.095,102124.715,2025-06-23 22:15:00,TDP_TOP
2025-06-23 23:00:00,TDP_MVP_REENTRY,SHORT,105218.7,105665.50499999999,103878.28500000002,2025-06-23 22:45:00,TDP_TOP
2025-06-23 23:30:00,TDP_MVP_REENTRY,SHORT,105350.0,105622.18,104533.46000000002,2025-06-23 23:15:00,TDP_TOP
2025-06-24 00:00:00,TDP_MVP_REENTRY,SHORT,105185.8,105544.40285714285,104109.99142857146,2025-06-23 23:45:00,TDP_TOP
2025-06-24 00:30:00,TDP_MVP_REENTRY,SHORT,104999.9,105320.74464285714,104037.36607142855,2025-06-24 00:15:00,TDP_TOP
2025-06-24 17:00:00,TDP_MVP_REENTRY,SHORT,105871.9,106288.92928571429,104620.81214285712,2025-06-24 16:45:00,TDP_TOP
2025-06-25 09:30:00,TDP_MVP_REENTRY,SHORT,106474.3,106949.88714285714,105047.53857142858,2025-06-25 09:00:00,TDP_TOP
2025-06-25 10:30:00,TDP_MVP_REENTRY,SHORT,106956.5,107162.245,106339.26500000001,2025-06-25 10:15:00,TDP_TOP
2025-06-25 11:00:00,TDP_MVP_REENTRY,SHORT,106904.7,107102.37107142857,106311.68678571428,2025-06-25 10:45:00,TDP_TOP
2025-06-25 12:15:00,TDP_MVP_REENTRY,SHORT,106953.3,107152.6107142857,106355.36785714289,2025-06-25 12:00:00,TDP_TOP
2025-06-25 15:15:00,TDP_MVP_REENTRY,SHORT,107005.9,108101.1392857143,103720.1821428571,2025-06-25 13:00:00,TDP_TOP
2025-06-25 19:30:00,TDP_MVP_REENTRY,SHORT,107602.9,107864.68642857143,106817.5407142857,2025-06-25 19:00:00,TDP_TOP
2025-06-26 02:15:00,TDP_MVP_REENTRY,SHORT,107720.9,107904.87107142857,107168.98678571427,2025-06-26 02:00:00,TDP_TOP
2025-06-26 03:15:00,TDP_MVP_REENTRY,SHORT,107833.5,108252.00714285715,106577.97857142854,2025-06-26 02:45:00,TDP_TOP
2025-06-26 08:15:00,TDP_MVP_REENTRY,SHORT,107807.4,108141.05107142856,106806.44678571429,2025-06-26 08:00:00,TDP_TOP
2025-06-29 14:30:00,TDP_MVP_REENTRY,SHORT,107801.9,108511.35821428572,105673.52535714282,2025-06-29 09:30:00,TDP_TOP
2025-06-29 23:30:00,TDP_MVP_REENTRY,SHORT,108261.0,108407.65714285713,107821.0285714286,2025-06-29 23:15:00,TDP_TOP
2025-06-30 01:00:00,TDP_MVP_REENTRY,SHORT,108478.0,108777.90714285713,107578.2785714286,2025-06-29 23:45:00,TDP_TOP
2025-06-30 01:45:00,TDP_MVP_REENTRY,SHORT,108458.0,108751.98178571429,107576.05464285713,2025-06-30 01:15:00,TDP_TOP
2025-07-01 15:15:00,TDP_MVP_REENTRY,LONG,105934.2,105533.98678571428,107134.83964285714,2025-07-01 14:45:00,TDP_BOT
2025-07-01 16:00:00,TDP_MVP_REENTRY,LONG,106212.4,105760.8475,107567.05749999997,2025-07-01 15:45:00,TDP_BOT
2025-07-01 19:15:00,TDP_MVP_REENTRY,LONG,105685.1,105372.62,106622.54000000004,2025-07-01 18:30:00,TDP_BOT
2025-07-01 20:00:00,TDP_MVP_REENTRY,LONG,105399.1,105168.84357142857,106089.8692857143,2025-07-01 19:30:00,TDP_BOT
2025-07-01 20:30:00,TDP_MVP_REENTRY,LONG,105691.9,105387.04714285715,106606.45857142853,2025-07-01 20:15:00,TDP_BOT
2025-07-01 23:15:00,TDP_MVP_REENTRY,LONG,105451.3,105300.19928571428,105904.60214285718,2025-07-01 23:00:00,TDP_BOT
2025-07-01 23:45:00,TDP_MVP_REENTRY,LONG,105634.8,105381.54214285714,106394.57357142858,2025-07-01 23:30:00,TDP_BOT
2025-07-02 01:00:00,TDP_MVP_REENTRY,LONG,105373.7,105309.55464285714,105566.13607142857,2025-07-02 00:45:00,TDP_BOT
2025-07-02 12:00:00,TDP_MVP_REENTRY,SHORT,107362.0,107804.2175,106035.3475,2025-07-02 08:15:00,TDP_TOP
2025-07-02 14:15:00,TDP_MVP_REENTRY,SHORT,107800.0,108045.4857142857,107063.54285714288,2025-07-02 14:00:00,TDP_TOP
2025-07-02 23:30:00,TDP_MVP_REENTRY,SHORT,108680.0,109760.93857142856,105437.18428571432,2025-07-02 16:00:00,TDP_TOP
2025-07-03 06:30:00,TDP_MVP_REENTRY,SHORT,109399.9,109420.05714285714,109339.42857142855,2025-07-03 06:15:00,TDP_TOP
2025-07-03 10:15:00,TDP_MVP_REENTRY,SHORT,109700.0,110265.93999999999,108002.18000000004,2025-07-03 09:15:00,TDP_TOP
2025-07-04 14:15:00,TDP_MVP_REENTRY,LONG,107995.3,107442.17357142858,109654.67928571429,2025-07-04 14:00:00,TDP_BOT
2025-07-04 15:15:00,TDP_MVP_REENTRY,LONG,107840.6,107587.63642857142,108599.49071428576,2025-07-04 14:30:00,TDP_BOT
2025-07-04 16:15:00,TDP_MVP_REENTRY,LONG,107488.4,107286.02464285714,108095.52607142855,2025-07-04 15:30:00,TDP_BOT
2025-07-06 14:30:00,TDP_MVP_REENTRY,SHORT,108691.9,109006.49071428571,107748.12785714284,2025-07-06 14:15:00,TDP_TOP
2025-07-06 15:00:00,TDP_MVP_REENTRY,SHORT,108860.2,108940.245,108620.065,2025-07-06 14:45:00,TDP_TOP
2025-07-06 16:00:00,TDP_MVP_REENTRY,SHORT,108695.6,108918.5457142857,108026.76285714291,2025-07-06 15:45:00,TDP_TOP
2025-07-06 23:15:00,TDP_MVP_REENTRY,SHORT,109011.5,109695.11428571428,106960.65714285715,2025-07-06 21:00:00,TDP_TOP
2025-07-07 03:30:00,TDP_MVP_REENTRY,SHORT,109493.5,109691.70678571428,108898.87964285715,2025-07-07 02:45:00,TDP_TOP
2025-07-07 04:00:00,TDP_MVP_REENTRY,SHORT,109294.3,109509.63964285715,108648.28107142857,2025-07-07 03:45:00,TDP_TOP
2025-07-08 11:15:00,TDP_MVP_REENTRY,SHORT,108856.0,108984.4842857143,108470.54714285712,2025-07-08 11:00:00,TDP_TOP
2025-07-08 11:45:00,TDP_MVP_REENTRY,SHORT,108718.1,108917.03107142857,108121.3067857143,2025-07-08 11:30:00,TDP_TOP
2025-07-08 12:15:00,TDP_MVP_REENTRY,SHORT,108663.6,108791.89714285714,108278.70857142861,2025-07-08 12:00:00,TDP_TOP
2025-07-08 13:00:00,TDP_MVP_REENTRY,SHORT,108796.1,108920.83178571428,108421.90464285717,2025-07-08 12:30:00,TDP_TOP
2025-07-08 18:15:00,TDP_MVP_REENTRY,SHORT,109014.9,109114.60571428572,108715.78285714283,2025-07-08 17:45:00,TDP_TOP
2025-07-08 19:00:00,TDP_MVP_REENTRY,SHORT,108915.3,109140.22535714286,108240.52392857143,2025-07-08 18:30:00,TDP_TOP
2025-07-08 19:30:00,TDP_MVP_REENTRY,SHORT,108747.6,109036.32964285715,107881.41107142858,2025-07-08 19:15:00,TDP_TOP
2025-07-09 01:15:00,TDP_MVP_REENTRY,SHORT,108738.1,109098.83857142857,107655.88428571432,2025-07-09 01:00:00,TDP_TOP
2025-07-09 20:00:00,TDP_MVP_REENTRY,SHORT,111311.7,112016.71428571429,109196.65714285712,2025-07-09 19:45:00,TDP_TOP
2025-07-09 23:30:00,TDP_MVP_REENTRY,SHORT,111319.4,111503.14678571429,110768.15964285712,2025-07-09 23:15:00,TDP_TOP
2025-07-10 22:00:00,TDP_MVP_REENTRY,SHORT,116065.3,116710.02571428572,114131.12285714287,2025-07-10 21:45:00,TDP_TOP
2025-07-14 02:45:00,TDP_MVP_REENTRY,SHORT,119615.0,120016.22607142857,118411.3217857143,2025-07-14 02:30:00,TDP_TOP
2025-07-14 11:15:00,TDP_MVP_REENTRY,SHORT,121521.6,123272.87928571428,116267.76214285717,2025-07-14 04:15:00,TDP_TOP
2025-07-15 13:30:00,TDP_MVP_REENTRY,LONG,118296.4,116093.96392857144,124903.70821428567,2025-07-15 02:00:00,TDP_BOT
2025-07-15 15:45:00,TDP_MVP_REENTRY,LONG,116430.6,116132.60464285714,117324.5860714286,2025-07-15 15:30:00,TDP_BOT
2025-07-15 20:00:00,TDP_MVP_REENTRY,LONG,116597.1,116265.9057142857,117590.6828571429,2025-07-15 19:30:00,TDP_BOT
2025-07-15 20:30:00,TDP_MVP_REENTRY,LONG,116569.2,116140.18714285715,117856.23857142855,2025-07-15 20:15:00,TDP_BOT
2025-07-16 10:15:00,TDP_MVP_REENTRY,SHORT,119159.3,119340.10357142857,118616.88928571431,2025-07-16 09:30:00,TDP_TOP
2025-07-16 10:45:00,TDP_MVP_REENTRY,SHORT,118750.0,119206.24964285715,117381.25107142856,2025-07-16 10:30:00,TDP_TOP
2025-07-16 15:30:00,TDP_MVP_REENTRY,SHORT,119007.9,119523.66035714286,117460.6189285714,2025-07-16 15:15:00,TDP_TOP
2025-07-16 18:45:00,TDP_MVP_REENTRY,SHORT,119504.4,119955.82035714286,118150.1389285714,2025-07-16 18:30:00,TDP_TOP
2025-07-16 21:00:00,TDP_MVP_REENTRY,SHORT,119905.0,120136.58571428571,119210.24285714286,2025-07-16 20:45:00,TDP_TOP
2025-07-17 22:15:00,TDP_MVP_REENTRY,SHORT,120130.1,121065.76928571428,117323.09214285717,2025-07-17 21:15:00,TDP_TOP
2025-07-18 02:00:00,TDP_MVP_REENTRY,SHORT,120146.4,120549.93821428572,118935.78535714281,2025-07-18 01:45:00,TDP_TOP
2025-07-18 02:45:00,TDP_MVP_REENTRY,SHORT,120140.7,120479.7632142857,119123.51035714288,2025-07-18 02:30:00,TDP_TOP
2025-07-18 06:00:00,TDP_MVP_REENTRY,SHORT,120465.4,120911.71357142857,119126.45928571427,2025-07-18 05:45:00,TDP_TOP
2025-07-18 14:45:00,TDP_MVP_REENTRY,LONG,118148.8,117291.00821428571,120722.17535714287,2025-07-18 14:30:00,TDP_BOT
2025-07-18 15:45:00,TDP_MVP_REENTRY,LONG,117866.2,117419.53928571429,119206.18214285713,2025-07-18 15:00:00,TDP_BOT
2025-07-18 16:30:00,TDP_MVP_REENTRY,LONG,117916.9,117454.18999999999,119305.03000000001,2025-07-18 16:00:00,TDP_BOT
2025-07-20 14:30:00,TDP_MVP_REENTRY,SHORT,118618.1,118927.38642857142,117690.24071428576,2025-07-20 14:15:00,TDP_TOP
2025-07-20 15:30:00,TDP_MVP_REENTRY,SHORT,118631.9,118813.08642857143,118088.34071428567,2025-07-20 15:00:00,TDP_TOP
2025-07-20 16:00:00,TDP_MVP_REENTRY,SHORT,118657.6,118943.3425,117800.37250000003,2025-07-20 15:45:00,TDP_TOP
2025-07-21 02:00:00,TDP_MVP_REENTRY,LONG,117931.5,116441.68357142858,122400.94928571425,2025-07-20 22:00:00,TDP_BOT
2025-07-21 03:30:00,TDP_MVP_REENTRY,SHORT,118455.7,118669.97142857143,117812.8857142857,2025-07-21 03:00:00,TDP_TOP
2025-07-21 04:45:00,TDP_MVP_REENTRY,SHORT,118367.4,118687.50285714286,117407.09142857141,2025-07-21 04:30:00,TDP_TOP
2025-07-21 09:15:00,TDP_MVP_REENTRY,SHORT,118843.1,119761.62357142857,116087.5292857143,2025-07-21 06:15:00,TDP_TOP
2025-07-21 14:45:00,TDP_MVP_REENTRY,SHORT,118875.8,119319.67142857143,117544.18571428573,2025-07-21 14:30:00,TDP_TOP
2025-07-25 11:15:00,TDP_MVP_REENTRY,LONG,116700.4,114695.06535714286,122716.40392857141,2025-07-25 02:45:00,TDP_BOT
2025-07-25 15:00:00,TDP_MVP_REENTRY,LONG,115358.0,114884.17785714286,116779.46642857142,2025-07-25 14:00:00,TDP_BOT
2025-07-25 15:45:00,TDP_MVP_REENTRY,LONG,115734.4,115218.86214285715,117281.01357142853,2025-07-25 15:30:00,TDP_BOT
2025-07-26 14:15:00,TDP_MVP_REENTRY,SHORT,118001.1,118217.37214285714,117352.28357142859,2025-07-26 14:00:00,TDP_TOP
2025-07-26 14:45:00,TDP_MVP_REENTRY,SHORT,118060.0,118163.02642857142,117750.92071428573,2025-07-26 14:30:00,TDP_TOP
2025-07-26 20:00:00,TDP_MVP_REENTRY,SHORT,118113.3,118338.01928571428,117439.14214285716,2025-07-26 19:45:00,TDP_TOP
2025-07-27 03:00:00,TDP_MVP_REENTRY,SHORT,118110.9,118432.06714285715,117147.39857142852,2025-07-27 02:45:00,TDP_TOP
2025-07-27 16:45:00,TDP_MVP_REENTRY,SHORT,119099.1,119611.95785714286,117560.52642857145,2025-07-27 16:15:00,TDP_TOP
2025-07-27 18:15:00,TDP_MVP_REENTRY,SHORT,119258.1,119417.10535714286,118781.08392857143,2025-07-27 18:00:00,TDP_TOP
2025-07-27 22:45:00,TDP_MVP_REENTRY,SHORT,119504.2,119793.35,118636.74999999997,2025-07-27 21:45:00,TDP_TOP
2025-07-27 23:30:00,TDP_MVP_REENTRY,SHORT,119386.6,119551.74035714286,118891.17892857145,2025-07-27 23:15:00,TDP_TOP
2025-07-28 00:30:00,TDP_MVP_REENTRY,SHORT,119263.2,119730.33535714286,117861.79392857141,2025-07-27 23:45:00,TDP_TOP
2025-07-28 06:15:00,TDP_MVP_REENTRY,SHORT,119483.2,119619.3175,119074.84749999997,2025-07-28 06:00:00,TDP_TOP
2025-07-28 07:00:00,TDP_MVP_REENTRY,SHORT,118872.1,119505.25,116972.65000000002,2025-07-28 06:45:00,TDP_TOP
2025-07-31 20:15:00,TDP_MVP_REENTRY,LONG,116699.7,116389.69714285714,117629.70857142856,2025-07-31 20:00:00,TDP_BOT
2025-07-31 21:00:00,TDP_MVP_REENTRY,LONG,116495.1,116332.70392857143,116982.28821428574,2025-07-31 20:30:00,TDP_BOT
2025-07-31 23:00:00,TDP_MVP_REENTRY,LONG,116279.2,115831.8475,117621.25749999998,2025-07-31 22:00:00,TDP_BOT
2025-08-01 02:30:00,TDP_MVP_REENTRY,LONG,115830.6,114221.99964285715,120656.40107142858,2025-07-31 23:30:00,TDP_BOT
2025-08-01 08:30:00,TDP_MVP_REENTRY,LONG,114528.2,113996.05892857142,116124.62321428572,2025-08-01 08:15:00,TDP_BOT
2025-08-01 09:00:00,TDP_MVP_REENTRY,LONG,114948.4,114474.59,116369.82999999999,2025-08-01 08:45:00,TDP_BOT
2025-08-01 14:00:00,TDP_MVP_REENTRY,LONG,115000.0,113829.8825,118510.35249999998,2025-08-01 13:45:00,TDP_BOT
2025-08-01 20:30:00,TDP_MVP_REENTRY,LONG,113613.9,113116.64928571429,115105.65214285711,2025-08-01 19:15:00,TDP_BOT
2025-08-04 01:00:00,TDP_MVP_REENTRY,SHORT,114705.1,114985.21678571429,113864.74964285715,2025-08-04 00:30:00,TDP_TOP
2025-08-04 01:30:00,TDP_MVP_REENTRY,SHORT,114670.4,114906.04178571429,113963.47464285711,2025-08-04 01:15:00,TDP_TOP
2025-08-04 02:30:00,TDP_MVP_REENTRY,SHORT,114542.3,114852.39392857143,113612.01821428572,2025-08-04 02:15:00,TDP_TOP
2025-08-04 03:00:00,TDP_MVP_REENTRY,SHORT,114664.7,114785.37535714285,114302.67392857143,2025-08-04 02:45:00,TDP_TOP
2025-08-04 14:30:00,TDP_MVP_REENTRY,SHORT,114950.1,115456.09964285714,113432.10107142861,2025-08-04 14:00:00,TDP_TOP
2025-08-05 15:00:00,TDP_MVP_REENTRY,LONG,113128.3,112556.90535714285,114842.48392857146,2025-08-05 14:30:00,TDP_BOT
2025-08-05 15:45:00,TDP_MVP_REENTRY,LONG,112882.1,112627.38142857143,113646.25571428573,2025-08-05 15:15:00,TDP_BOT
2025-08-05 16:15:00,TDP_MVP_REENTRY,LONG,113153.9,112753.94571428571,114353.76285714284,2025-08-05 16:00:00,TDP_BOT
2025-08-05 16:45:00,TDP_MVP_REENTRY,LONG,113132.3,112737.82214285714,114315.73357142859,2025-08-05 16:30:00,TDP_BOT
2025-08-08 01:30:00,TDP_MVP_REENTRY,SHORT,116785.0,117585.81821428573,114382.54535714282,2025-08-07 19:30:00,TDP_TOP
2025-08-09 10:30:00,TDP_MVP_REENTRY,SHORT,117450.0,117911.06607142858,116066.80178571427,2025-08-09 10:15:00,TDP_TOP
2025-08-11 12:30:00,TDP_MVP_REENTRY,SHORT,119555.1,122439.03392857143,110903.29821428574,2025-08-11 02:00:00,TDP_TOP
2025-08-11 20:15:00,TDP_MVP_REENTRY,LONG,118840.6,118554.00535714286,119700.38392857145,2025-08-11 20:00:00,TDP_BOT
2025-08-11 21:45:00,TDP_MVP_REENTRY,LONG,118700.0,117838.40000000001,121284.79999999997,2025-08-11 21:30:00,TDP_BOT
2025-08-14 05:45:00,TDP_MVP_REENTRY,SHORT,122203.8,124590.34392857143,115044.16821428573,2025-08-13 19:15:00,TDP_TOP
2025-08-14 13:30:00,TDP_MVP_REENTRY,LONG,118262.1,117673.33357142858,120028.39928571429,2025-08-14 13:15:00,TDP_BOT
2025-08-14 14:15:00,TDP_MVP_REENTRY,LONG,118845.5,117933.3117857143,121582.06464285712,2025-08-14 13:45:00,TDP_BOT
2025-08-14 17:15:00,TDP_MVP_REENTRY,LONG,118077.1,117420.2125,120047.76250000004,2025-08-14 16:45:00,TDP_BOT
2025-08-14 17:45:00,TDP_MVP_REENTRY,LONG,117876.8,117483.74178571429,119055.97464285715,2025-08-14 17:30:00,TDP_BOT
2025-08-18 00:45:00,TDP_MVP_REENTRY,LONG,117249.9,116956.16107142858,118131.11678571424,2025-08-18 00:15:00,TDP_BOT
2025-08-18 02:30:00,TDP_MVP_REENTRY,LONG,115859.4,115623.8232142857,116566.13035714287,2025-08-18 02:15:00,TDP_BOT
2025-08-18 05:00:00,TDP_MVP_REENTRY,LONG,115628.6,114918.56714285715,117758.69857142857,2025-08-18 02:45:00,TDP_BOT
2025-08-18 09:30:00,TDP_MVP_REENTRY,LONG,114960.0,114562.32714285715,116153.01857142856,2025-08-18 09:15:00,TDP_BOT
2025-08-18 22:30:00,TDP_MVP_REENTRY,SHORT,116690.0,116958.17071428572,115885.48785714284,2025-08-18 22:00:00,TDP_TOP
2025-08-19 15:15:00,TDP_MVP_REENTRY,LONG,114034.2,113465.1375,115741.3875,2025-08-19 14:30:00,TDP_BOT
2025-08-19 17:45:00,TDP_MVP_REENTRY,LONG,113460.9,113008.7982142857,114817.20535714286,2025-08-19 15:30:00,TDP_BOT
2025-08-19 18:45:00,TDP_MVP_REENTRY,LONG,113000.1,112761.78107142857,113715.0567857143,2025-08-19 18:00:00,TDP_BOT
2025-08-19 19:15:00,TDP_MVP_REENTRY,LONG,113345.0,112697.88964285715,115286.33107142856,2025-08-19 19:00:00,TDP_BOT
2025-08-19 20:15:00,TDP_MVP_REENTRY,LONG,113258.5,112835.58107142856,114527.25678571431,2025-08-19 20:00:00,TDP_BOT
2025-08-19 23:30:00,TDP_MVP_REENTRY,LONG,112915.8,112738.26071428572,113448.41785714286,2025-08-19 23:00:00,TDP_BOT
2025-08-21 18:45:00,TDP_MVP_REENTRY,LONG,112556.0,112088.85035714286,113957.44892857142,2025-08-21 16:45:00,TDP_BOT
2025-08-22 16:45:00,TDP_MVP_REENTRY,SHORT,116088.6,117311.23964285714,112420.68107142861,2025-08-22 15:00:00,TDP_TOP
2025-08-22 17:30:00,TDP_MVP_REENTRY,SHORT,116699.9,117001.39428571428,115795.41714285713,2025-08-22 17:15:00,TDP_TOP
2025-08-23 15:00:00,TDP_MVP_REENTRY,LONG,114696.3,114493.48714285714,115304.7385714286,2025-08-23 14:45:00,TDP_BOT
2025-08-28 07:15:00,TDP_MVP_REENTRY,SHORT,113119.0,113357.94392857142,112402.16821428575,2025-08-28 06:45:00,TDP_TOP
2025-08-28 08:15:00,TDP_MVP_REENTRY,SHORT,113015.7,113321.23464285715,112099.09607142855,2025-08-28 08:00:00,TDP_TOP
2025-08-28 08:45:00,TDP_MVP_REENTRY,SHORT,113082.9,113260.90392857142,112548.8882142857,2025-08-28 08:30:00,TDP_TOP
2025-08-29 12:30:00,TDP_MVP_REENTRY,LONG,110508.1,109333.44071428571,114032.0778571429,2025-08-29 07:15:00,TDP_BOT
2025-08-29 16:00:00,TDP_MVP_REENTRY,LONG,108581.3,108038.69357142858,110209.11928571427,2025-08-29 14:15:00,TDP_BOT
2025-09-01 10:00:00,TDP_MVP_REENTRY,SHORT,109185.9,109889.26642857143,107075.8007142857,2025-09-01 07:45:00,TDP_TOP
2025-09-01 13:30:00,TDP_MVP_REENTRY,SHORT,109131.3,109507.84107142857,108001.6767857143,2025-09-01 13:15:00,TDP_TOP
2025-09-02 04:15:00,TDP_MVP_REENTRY,SHORT,110275.7,110612.37642857143,109265.6707142857,2025-09-02 03:15:00,TDP_TOP
2025-09-02 15:45:00,TDP_MVP_REENTRY,SHORT,110793.9,111754.14285714286,107913.17142857141,2025-09-02 13:45:00,TDP_TOP
2025-09-02 21:15:00,TDP_MVP_REENTRY,SHORT,111273.7,111550.72607142857,110442.62178571429,2025-09-02 20:30:00,TDP_TOP
2025-09-02 21:45:00,TDP_MVP_REENTRY,SHORT,111100.0,111478.26392857142,109965.20821428573,2025-09-02 21:30:00,TDP_TOP
2025-09-02 22:15:00,TDP_MVP_REENTRY,SHORT,111023.9,111165.18392857142,110600.0482142857,2025-09-02 22:00:00,TDP_TOP
2025-09-04 07:00:00,TDP_MVP_REENTRY,LONG,110521.9,110198.46857142857,111492.19428571426,2025-09-04 06:45:00,TDP_BOT
2025-09-04 07:45:00,TDP_MVP_REENTRY,LONG,110413.7,110280.865,110812.20499999997,2025-09-04 07:15:00,TDP_BOT
2025-09-04 20:15:00,TDP_MVP_REENTRY,LONG,110306.7,109258.95035714285,113449.94892857144,2025-09-04 14:00:00,TDP_BOT
2025-09-05 13:00:00,TDP_MVP_REENTRY,SHORT,113012.2,113386.0132142857,111890.76035714288,2025-09-05 12:45:00,TDP_TOP
2025-09-05 14:00:00,TDP_MVP_REENTRY,SHORT,112191.3,113297.74392857142,108871.96821428575,2025-09-05 13:15:00,TDP_TOP
2025-09-08 16:00:00,TDP_MVP_REENTRY,SHORT,112370.8,112885.24142857142,110827.47571428576,2025-09-08 14:30:00,TDP_TOP
2025-09-08 16:30:00,TDP_MVP_REENTRY,SHORT,112425.8,112645.6575,111766.22750000001,2025-09-08 16:15:00,TDP_TOP
2025-09-10 14:45:00,TDP_MVP_REENTRY,SHORT,113854.9,114267.21107142857,112617.96678571428,2025-09-10 13:45:00,TDP_TOP
2025-09-10 15:15:00,TDP_MVP_REENTRY,SHORT,113810.6,114080.01142857144,113002.36571428571,2025-09-10 15:00:00,TDP_TOP
2025-09-10 22:30:00,TDP_MVP_REENTRY,SHORT,113709.8,113947.35214285714,112997.14357142859,2025-09-10 21:30:00,TDP_TOP
2025-09-11 04:00:00,TDP_MVP_REENTRY,SHORT,114161.7,114404.61178571428,113432.96464285714,2025-09-11 03:45:00,TDP_TOP
2025-09-11 04:30:00,TDP_MVP_REENTRY,SHORT,114148.3,114272.15964285714,113776.7210714286,2025-09-11 04:15:00,TDP_TOP
2025-09-11 05:00:00,TDP_MVP_REENTRY,SHORT,114059.4,114195.6675,113650.59749999999,2025-09-11 04:45:00,TDP_TOP
2025-09-11 05:45:00,TDP_MVP_REENTRY,SHORT,114207.2,114292.06535714286,113952.60392857142,2025-09-11 05:15:00,TDP_TOP
2025-09-11 22:45:00,TDP_MVP_REENTRY,SHORT,115036.3,115233.62535714285,114444.32392857145,2025-09-11 22:30:00,TDP_TOP
2025-09-12 03:00:00,TDP_MVP_REENTRY,SHORT,115199.9,116259.3232142857,112021.63035714287,2025-09-11 23:00:00,TDP_TOP
2025-09-12 19:00:00,TDP_MVP_REENTRY,SHORT,116268.9,116468.96714285715,115668.69857142854,2025-09-12 18:00:00,TDP_TOP
2025-09-12 19:30:00,TDP_MVP_REENTRY,SHORT,116398.8,116494.67178571428,116111.18464285717,2025-09-12 19:15:00,TDP_TOP
2025-09-12 20:00:00,TDP_MVP_REENTRY,SHORT,116172.4,116611.64678571429,114854.65964285712,2025-09-12 19:45:00,TDP_TOP
2025-09-15 01:15:00,TDP_MVP_REENTRY,LONG,115104.1,114729.6,116227.6,2025-09-15 01:00:00,TDP_BOT
2025-09-15 06:45:00,TDP_MVP_REENTRY,SHORT,116073.8,116771.05571428571,113982.03285714287,2025-09-15 05:00:00,TDP_TOP
2025-09-15 09:00:00,TDP_MVP_REENTRY,LONG,114797.6,114510.0425,115660.27250000004,2025-09-15 08:45:00,TDP_BOT
2025-09-15 11:00:00,TDP_MVP_REENTRY,LONG,115009.3,114638.96571428572,116120.30285714286,2025-09-15 09:30:00,TDP_BOT
2025-09-15 13:45:00,TDP_MVP_REENTRY,LONG,114604.2,114303.07392857144,115507.57821428568,2025-09-15 13:30:00,TDP_BOT
2025-09-17 14:45:00,TDP_MVP_REENTRY,LONG,115548.7,115325.02142857143,116219.73571428569,2025-09-17 14:30:00,TDP_BOT
2025-09-17 15:30:00,TDP_MVP_REENTRY,LONG,115770.1,115462.03321428571,116694.3003571429,2025-09-17 15:00:00,TDP_BOT
2025-09-17 16:15:00,TDP_MVP_REENTRY,LONG,115646.0,115452.305,116227.08500000002,2025-09-17 16:00:00,TDP_BOT
2025-09-17 16:45:00,TDP_MVP_REENTRY,LONG,115593.5,115303.00714285714,116464.97857142858,2025-09-17 16:30:00,TDP_BOT
2025-09-18 03:45:00,TDP_MVP_REENTRY,SHORT,117560.1,117879.28035714285,116602.55892857147,2025-09-18 03:15:00,TDP_TOP
2025-09-18 04:15:00,TDP_MVP_REENTRY,SHORT,117355.7,117750.25857142858,116172.02428571424,2025-09-18 04:00:00,TDP_TOP
2025-09-18 05:00:00,TDP_MVP_REENTRY,SHORT,117427.7,117610.13785714285,116880.38642857144,2025-09-18 04:30:00,TDP_TOP
2025-09-19 16:45:00,TDP_MVP_REENTRY,LONG,116027.4,115397.67642857143,117916.57071428568,2025-09-19 14:45:00,TDP_BOT
2025-09-19 18:30:00,TDP_MVP_REENTRY,LONG,115528.8,115318.16964285714,116160.69107142858,2025-09-19 18:00:00,TDP_BOT
2025-09-19 20:15:00,TDP_MVP_REENTRY,LONG,115345.6,115025.17964285714,116306.8610714286,2025-09-19 18:45:00,TDP_BOT
2025-09-21 02:00:00,TDP_MVP_REENTRY,LONG,115546.0,115434.98214285714,115879.05357142857,2025-09-21 01:45:00,TDP_BOT
2025-09-21 02:30:00,TDP_MVP_REENTRY,LONG,115564.4,115386.1925,116099.02249999996,2025-09-21 02:15:00,TDP_BOT
2025-09-21 05:30:00,TDP_MVP_REENTRY,LONG,115491.6,115469.93071428571,115556.60785714288,2025-09-21 05:15:00,TDP_BOT
2025-09-21 09:30:00,TDP_MVP_REENTRY,LONG,115458.2,115255.82571428572,116065.32285714283,2025-09-21 09:00:00,TDP_BOT
2025-09-21 17:00:00,TDP_MVP_REENTRY,LONG,115323.2,115111.63357142858,115957.89928571424,2025-09-21 16:45:00,TDP_BOT
2025-09-21 21:00:00,TDP_MVP_REENTRY,LONG,115256.9,115178.03035714285,115493.50892857142,2025-09-21 20:45:00,TDP_BOT
2025-09-21 21:30:00,TDP_MVP_REENTRY,LONG,115365.5,115186.81285714285,115901.56142857144,2025-09-21 21:15:00,TDP_BOT
2025-09-22 03:45:00,TDP_MVP_REENTRY,LONG,114609.7,114068.54000000001,116233.17999999996,2025-09-22 00:45:00,TDP_BOT
2025-09-22 17:15:00,TDP_MVP_REENTRY,LONG,112334.4,112159.83357142858,112858.09928571424,2025-09-22 17:00:00,TDP_BOT
2025-09-24 15:45:00,TDP_MVP_REENTRY,SHORT,113300.0,113861.42607142858,111615.72178571427,2025-09-24 14:45:00,TDP_TOP
2025-09-24 17:15:00,TDP_MVP_REENTRY,SHORT,113729.9,113895.27142857142,113233.78571428572,2025-09-24 16:15:00,TDP_TOP
2025-09-24 18:45:00,TDP_MVP_REENTRY,SHORT,113599.5,113687.955,113334.135,2025-09-24 18:30:00,TDP_TOP
2025-09-25 05:00:00,TDP_MVP_REENTRY,LONG,111787.6,111492.1125,112674.06250000001,2025-09-25 04:30:00,TDP_BOT
2025-09-25 06:15:00,TDP_MVP_REENTRY,LONG,111645.8,111442.74607142857,112254.9617857143,2025-09-25 05:15:00,TDP_BOT
2025-09-25 07:00:00,TDP_MVP_REENTRY,LONG,111548.2,111357.4242857143,112120.5271428571,2025-09-25 06:30:00,TDP_BOT
2025-09-25 13:00:00,TDP_MVP_REENTRY,LONG,111205.0,110748.01392857144,112575.95821428568,2025-09-25 12:45:00,TDP_BOT
2025-09-25 13:45:00,TDP_MVP_REENTRY,LONG,110935.3,110497.65,112248.25000000003,2025-09-25 13:30:00,TDP_BOT
2025-09-25 19:15:00,TDP_MVP_REENTRY,LONG,109778.2,108537.60214285714,113499.99357142857,2025-09-25 17:30:00,TDP_BOT
2025-09-26 00:45:00,TDP_MVP_REENTRY,LONG,109420.5,108723.41214285714,111511.76357142859,2025-09-26 00:30:00,TDP_BOT
2025-09-26 07:45:00,TDP_MVP_REENTRY,LONG,109254.9,108820.46178571427,110558.21464285716,2025-09-26 07:30:00,TDP_BOT
2025-09-26 10:45:00,TDP_MVP_REENTRY,LONG,108840.6,108629.18321428572,109474.85035714287,2025-09-26 10:30:00,TDP_BOT
2025-09-26 11:30:00,TDP_MVP_REENTRY,LONG,108996.3,108537.82035714286,110371.73892857143,2025-09-26 11:00:00,TDP_BOT
2025-09-26 12:15:00,TDP_MVP_REENTRY,LONG,109070.5,108751.09535714287,110028.7139285714,2025-09-26 11:45:00,TDP_BOT
2025-09-28 17:15:00,TDP_MVP_REENTRY,SHORT,110158.2,110358.66535714285,109556.80392857145,2025-09-28 16:30:00,TDP_TOP
2025-09-28 17:45:00,TDP_MVP_REENTRY,SHORT,110165.5,110353.45392857143,109601.63821428572,2025-09-28 17:30:00,TDP_TOP
2025-09-28 21:30:00,TDP_MVP_REENTRY,SHORT,110636.8,110921.59,109782.43000000002,2025-09-28 20:30:00,TDP_TOP
2025-09-29 02:00:00,TDP_MVP_REENTRY,SHORT,111773.6,112357.49428571427,110021.9171428572,2025-09-28 22:30:00,TDP_TOP
2025-09-29 15:15:00,TDP_MVP_REENTRY,SHORT,113755.8,114217.14428571428,112371.76714285716,2025-09-29 14:15:00,TDP_TOP
2025-09-29 15:45:00,TDP_MVP_REENTRY,SHORT,113762.5,113983.52107142856,113099.43678571431,2025-09-29 15:30:00,TDP_TOP
2025-09-29 16:15:00,TDP_MVP_REENTRY,SHORT,113809.9,114015.14178571428,113194.17464285714,2025-09-29 16:00:00,TDP_TOP
2025-09-29 20:45:00,TDP_MVP_REENTRY,SHORT,114187.1,114389.20321428572,113580.79035714286,2025-09-29 19:30:00,TDP_TOP
2025-09-30 10:45:00,TDP_MVP_REENTRY,LONG,112871.7,112593.22107142856,113707.1367857143,2025-09-30 09:45:00,TDP_BOT
2025-10-01 12:00:00,TDP_MVP_REENTRY,SHORT,116609.6,116834.27357142857,115935.57928571432,2025-10-01 11:45:00,TDP_TOP
2025-10-01 14:45:00,TDP_MVP_REENTRY,SHORT,117239.7,117398.34964285715,116763.75107142853,2025-10-01 14:30:00,TDP_TOP
2025-10-01 15:45:00,TDP_MVP_REENTRY,SHORT,117367.5,117620.6682142857,116607.99535714289,2025-10-01 15:00:00,TDP_TOP
2025-10-01 16:45:00,TDP_MVP_REENTRY,SHORT,117480.0,118166.6675,115419.99750000001,2025-10-01 16:00:00,TDP_TOP
2025-10-02 01:45:00,TDP_MVP_REENTRY,SHORT,118580.0,118881.90642857144,117674.28071428568,2025-10-02 01:15:00,TDP_TOP
2025-10-02 14:00:00,TDP_MVP_REENTRY,SHORT,119387.8,119812.99428571429,118112.21714285715,2025-10-02 13:45:00,TDP_TOP
2025-10-02 14:30:00,TDP_MVP_REENTRY,SHORT,118943.1,119778.3225,116437.43250000004,2025-10-02 14:15:00,TDP_TOP
2025-10-02 16:30:00,TDP_MVP_REENTRY,SHORT,119742.6,120310.98392857143,118037.44821428575,2025-10-02 15:45:00,TDP_TOP
2025-10-02 17:15:00,TDP_MVP_REENTRY,SHORT,119378.3,119779.50499999999,118174.68500000004,2025-10-02 17:00:00,TDP_TOP
2025-10-02 19:15:00,TDP_MVP_REENTRY,SHORT,120695.0,121014.31607142856,119737.05178571431,2025-10-02 19:00:00,TDP_TOP
2025-10-02 20:00:00,TDP_MVP_REENTRY,SHORT,120613.7,120947.4375,119612.48749999999,2025-10-02 19:30:00,TDP_TOP
2025-10-02 20:30:00,TDP_MVP_REENTRY,SHORT,120425.5,120721.40714285713,119537.7785714286,2025-10-02 20:15:00,TDP_TOP
2025-10-02 21:15:00,TDP_MVP_REENTRY,SHORT,120400.0,120722.68464285714,119431.94607142857,2025-10-02 21:00:00,TDP_TOP
2025-10-03 17:45:00,TDP_MVP_REENTRY,SHORT,122036.8,123882.54642857144,116499.56071428569,2025-10-03 16:00:00,TDP_TOP
2025-10-07 08:30:00,TDP_MVP_REENTRY,LONG,123760.2,123187.34071428572,125478.77785714284,2025-10-07 07:15:00,TDP_BOT
2025-10-07 15:45:00,TDP_MVP_REENTRY,LONG,121817.0,121060.92357142858,124085.22928571427,2025-10-07 15:15:00,TDP_BOT
2025-10-07 16:30:00,TDP_MVP_REENTRY,LONG,121771.9,120627.45749999999,125205.22750000001,2025-10-07 16:00:00,TDP_BOT
2025-10-07 17:30:00,TDP_MVP_REENTRY,LONG,121392.8,121101.52964285713,122266.61107142862,2025-10-07 17:00:00,TDP_BOT
2025-10-07 18:00:00,TDP_MVP_REENTRY,LONG,121156.5,120785.91,122268.26999999999,2025-10-07 17:45:00,TDP_BOT
2025-10-07 18:30:00,TDP_MVP_REENTRY,LONG,120756.6,120513.51285714285,121485.86142857147,2025-10-07 18:15:00,TDP_BOT
2025-10-10 16:15:00,TDP_MVP_REENTRY,LONG,119036.0,118485.97464285714,120686.07607142859,2025-10-10 15:45:00,TDP_BOT
2025-10-10 17:15:00,TDP_MVP_REENTRY,LONG,118100.0,117561.52428571429,119715.42714285714,2025-10-10 17:00:00,TDP_BOT
2025-10-10 18:00:00,TDP_MVP_REENTRY,LONG,117601.3,117414.02607142857,118163.1217857143,2025-10-10 17:30:00,TDP_BOT
2025-10-10 19:30:00,TDP_MVP_REENTRY,LONG,116870.9,115872.17678571428,119867.06964285712,2025-10-10 19:15:00,TDP_BOT
2025-10-10 20:00:00,TDP_MVP_REENTRY,LONG,116717.4,116469.41642857142,117461.35071428571,2025-10-10 19:45:00,TDP_BOT
2025-10-10 21:45:00,TDP_MVP_REENTRY,LONG,113182.2,100987.89249999999,149765.12250000003,2025-10-10 21:00:00,TDP_BOT
2025-10-12 15:30:00,TDP_MVP_REENTRY,SHORT,112623.9,113777.89749999999,109161.9075,2025-10-12 15:15:00,TDP_TOP
2025-10-12 16:15:00,TDP_MVP_REENTRY,SHORT,113599.9,114364.295,111306.71499999998,2025-10-12 15:45:00,TDP_TOP
2025-10-12 16:45:00,TDP_MVP_REENTRY,SHORT,114039.9,114737.23,111947.90999999999,2025-10-12 16:30:00,TDP_TOP
2025-10-12 17:30:00,TDP_MVP_REENTRY,SHORT,114310.8,114479.6175,113804.34750000003,2025-10-12 17:00:00,TDP_TOP
2025-10-12 18:15:00,TDP_MVP_REENTRY,SHORT,113848.0,114252.22392857143,112635.3282142857,2025-10-12 18:00:00,TDP_TOP
2025-10-12 21:30:00,TDP_MVP_REENTRY,SHORT,114591.9,115623.52142857142,111497.03571428572,2025-10-12 20:15:00,TDP_TOP
2025-10-12 22:15:00,TDP_MVP_REENTRY,SHORT,115192.4,115777.31928571429,113437.64214285712,2025-10-12 22:00:00,TDP_TOP
2025-10-13 02:00:00,TDP_MVP_REENTRY,SHORT,115285.3,115972.94357142858,113222.36928571427,2025-10-13 01:30:00,TDP_TOP
2025-10-14 15:45:00,TDP_MVP_REENTRY,LONG,112862.2,109778.62714285715,122112.91857142854,2025-10-14 06:30:00,TDP_BOT
2025-10-17 11:00:00,TDP_MVP_REENTRY,LONG,105772.3,103413.21071428571,112849.56785714287,2025-10-17 08:00:00,TDP_BOT
2025-10-19 16:45:00,TDP_MVP_REENTRY,SHORT,108589.5,108952.32642857142,107501.02071428573,2025-10-19 16:30:00,TDP_TOP
2025-10-19 19:30:00,TDP_MVP_REENTRY,SHORT,108867.0,109451.87535714285,107112.37392857144,2025-10-19 17:00:00,TDP_TOP
2025-10-20 04:15:00,TDP_MVP_REENTRY,SHORT,110019.8,110513.33,108539.21,2025-10-20 04:00:00,TDP_TOP
2025-10-20 16:30:00,TDP_MVP_REENTRY,SHORT,110449.7,111714.85250000001,106654.24249999996,2025-10-20 04:30:00,TDP_TOP
2025-10-21 12:15:00,TDP_MVP_REENTRY,LONG,109065.3,107392.595,114083.41500000001,2025-10-21 04:00:00,TDP_BOT
2025-10-21 20:00:00,TDP_MVP_REENTRY,SHORT,111257.9,114040.24535714286,102910.86392857139,2025-10-21 14:45:00,TDP_TOP
2025-10-22 00:00:00,TDP_MVP_REENTRY,LONG,108507.7,107934.93428571428,110225.99714285716,2025-10-21 23:30:00,TDP_BOT
2025-10-23 18:00:00,TDP_MVP_REENTRY,SHORT,110742.1,111297.96428571428,109074.5071428572,2025-10-23 17:45:00,TDP_TOP
2025-10-23 19:00:00,TDP_MVP_REENTRY,SHORT,110318.0,110601.46142857143,109467.6157142857,2025-10-23 18:45:00,TDP_TOP
2025-10-24 05:00:00,TDP_MVP_REENTRY,SHORT,111096.7,111504.35357142857,109873.73928571428,2025-10-24 04:30:00,TDP_TOP
2025-10-24 06:00:00,TDP_MVP_REENTRY,SHORT,111187.9,111302.08928571429,110845.3321428571,2025-10-24 05:15:00,TDP_TOP
2025-10-24 07:00:00,TDP_MVP_REENTRY,SHORT,111103.4,111526.16464285714,109835.10607142856,2025-10-24 06:15:00,TDP_TOP
2025-10-26 13:45:00,TDP_MVP_REENTRY,SHORT,113688.0,114067.32071428571,112550.03785714286,2025-10-26 13:30:00,TDP_TOP
2025-10-27 00:45:00,TDP_MVP_REENTRY,SHORT,114719.5,115200.8175,113275.54749999999,2025-10-27 00:00:00,TDP_TOP
2025-10-27 02:15:00,TDP_MVP_REENTRY,SHORT,114919.7,115439.655,113359.83499999999,2025-10-27 01:30:00,TDP_TOP
2025-10-28 01:30:00,TDP_MVP_REENTRY,LONG,114410.0,113695.605,116553.18500000001,2025-10-27 20:45:00,TDP_BOT
2025-10-28 14:30:00,TDP_MVP_REENTRY,SHORT,114725.3,116075.06035714285,110676.01892857146,2025-10-28 14:15:00,TDP_TOP
2025-10-29 07:15:00,TDP_MVP_REENTRY,LONG,113379.5,112006.55892857142,117498.32321428573,2025-10-28 20:00:00,TDP_BOT
2025-10-29 17:30:00,TDP_MVP_REENTRY,LONG,111627.4,110866.98607142858,113908.64178571425,2025-10-29 15:45:00,TDP_BOT
2025-10-29 19:00:00,TDP_MVP_REENTRY,LONG,111266.9,109025.09428571428,117992.31714285714,2025-10-29 18:30:00,TDP_BOT
2025-10-29 23:45:00,TDP_MVP_REENTRY,LONG,109948.8,109647.3575,110853.12750000002,2025-10-29 23:30:00,TDP_BOT
2025-10-30 05:15:00,TDP_MVP_REENTRY,LONG,109087.5,107819.8432142857,112890.47035714288,2025-10-30 04:15:00,TDP_BOT
2025-10-30 20:00:00,TDP_MVP_REENTRY,LONG,106800.0,106201.04607142857,108596.86178571428,2025-10-30 19:30:00,TDP_BOT
2025-11-02 16:15:00,TDP_MVP_REENTRY,LONG,110028.1,109588.92892857142,111345.61321428577,2025-11-02 16:00:00,TDP_BOT
2025-11-02 22:45:00,TDP_MVP_REENTRY,LONG,109867.7,109423.98178571429,111198.85464285711,2025-11-02 22:30:00,TDP_BOT
2025-11-03 03:30:00,TDP_MVP_REENTRY,LONG,108206.8,107868.59071428572,109221.42785714286,2025-11-03 03:15:00,TDP_BOT
2025-11-03 05:00:00,TDP_MVP_REENTRY,LONG,107903.8,107388.33,109450.21,2025-11-03 03:45:00,TDP_BOT
2025-11-03 05:45:00,TDP_MVP_REENTRY,LONG,107547.5,107296.47178571428,108300.58464285715,2025-11-03 05:15:00,TDP_BOT
2025-11-03 06:15:00,TDP_MVP_REENTRY,LONG,107407.1,107178.31392857143,108093.45821428574,2025-11-03 06:00:00,TDP_BOT
2025-11-03 17:00:00,TDP_MVP_REENTRY,LONG,106781.8,105153.21321428572,111667.56035714287,2025-11-03 15:15:00,TDP_BOT
2025-11-04 08:15:00,TDP_MVP_REENTRY,LONG,104159.0,103672.64071428572,105618.07785714284,2025-11-04 08:00:00,TDP_BOT
2025-11-04 09:15:00,TDP_MVP_REENTRY,LONG,103844.9,103585.22392857143,104623.92821428568,2025-11-04 08:45:00,TDP_BOT
2025-11-04 10:15:00,TDP_MVP_REENTRY,LONG,103689.7,103580.50892857142,104017.27321428573,2025-11-04 10:00:00,TDP_BOT
2025-11-05 03:15:00,TDP_MVP_REENTRY,LONG,102052.8,98855.12321428572,111645.83035714286,2025-11-04 17:00:00,TDP_BOT
2025-11-05 14:00:00,TDP_MVP_REENTRY,SHORT,102589.9,103212.39928571429,100722.40214285711,2025-11-05 13:30:00,TDP_TOP
2025-11-05 15:00:00,TDP_MVP_REENTRY,SHORT,102958.2,103422.61535714286,101564.95392857141,2025-11-05 14:30:00,TDP_TOP
2025-11-05 16:00:00,TDP_MVP_REENTRY,SHORT,103267.6,103809.99464285714,101640.4160714286,2025-11-05 15:30:00,TDP_TOP
2025-11-05 17:00:00,TDP_MVP_REENTRY,SHORT,103415.9,104022.38892857142,101596.4332142857,2025-11-05 16:30:00,TDP_TOP
2025-11-08 00:30:00,TDP_MVP_REENTRY,SHORT,102849.9,104076.15571428572,99171.13285714282,2025-11-07 19:30:00,TDP_TOP
2025-11-09 14:45:00,TDP_MVP_REENTRY,SHORT,103000.0,104017.9575,99946.12749999999,2025-11-09 14:00:00,TDP_TOP
2025-11-09 15:45:00,TDP_MVP_REENTRY,SHORT,103714.7,104178.20785714286,102324.17642857142,2025-11-09 15:15:00,TDP_TOP
2025-11-09 20:00:00,TDP_MVP_REENTRY,SHORT,104497.5,105082.26321428572,102743.21035714285,2025-11-09 19:00:00,TDP_TOP
2025-11-09 21:00:00,TDP_MVP_REENTRY,SHORT,104344.1,104668.45821428571,103371.02535714289,2025-11-09 20:15:00,TDP_TOP
2025-11-10 01:45:00,TDP_MVP_REENTRY,SHORT,105670.0,106658.91785714286,102703.24642857141,2025-11-10 00:30:00,TDP_TOP
2025-11-10 02:15:00,TDP_MVP_REENTRY,SHORT,105734.8,105955.85642857142,105071.63071428574,2025-11-10 02:00:00,TDP_TOP
2025-11-10 14:00:00,TDP_MVP_REENTRY,SHORT,106208.1,106598.07107142857,105038.18678571432,2025-11-10 13:45:00,TDP_TOP
2025-11-11 16:00:00,TDP_MVP_REENTRY,LONG,103486.0,103128.34142857142,104558.97571428573,2025-11-11 15:45:00,TDP_BOT
2025-11-11 16:30:00,TDP_MVP_REENTRY,LONG,103472.1,103209.87392857143,104258.77821428575,2025-11-11 16:15:00,TDP_BOT
2025-11-11 17:00:00,TDP_MVP_REENTRY,LONG,103524.6,103201.52642857142,104493.82071428576,2025-11-11 16:45:00,TDP_BOT
2025-11-11 17:45:00,TDP_MVP_REENTRY,LONG,103300.0,102783.11571428571,104850.65285714286,2025-11-11 17:15:00,TDP_BOT
2025-11-11 21:45:00,TDP_MVP_REENTRY,LONG,102600.3,102402.66642857142,103193.20071428575,2025-11-11 21:15:00,TDP_BOT
2025-11-12 09:30:00,TDP_MVP_REENTRY,SHORT,104543.5,105073.67571428572,102952.97285714283,2025-11-12 09:15:00,TDP_TOP
2025-11-12 10:15:00,TDP_MVP_REENTRY,SHORT,104699.8,104836.33,104290.21,2025-11-12 10:00:00,TDP_TOP
2025-11-12 11:15:00,TDP_MVP_REENTRY,SHORT,104751.3,105206.26321428572,103386.41035714286,2025-11-12 10:30:00,TDP_TOP
2025-11-12 12:15:00,TDP_MVP_REENTRY,SHORT,104920.0,105333.33678571427,103679.98964285718,2025-11-12 12:00:00,TDP_TOP
2025-11-13 03:30:00,TDP_MVP_REENTRY,LONG,102391.3,100716.41964285714,107415.94107142858,2025-11-12 15:45:00,TDP_BOT
2025-11-14 05:30:00,TDP_MVP_REENTRY,LONG,97250.1,96922.70892857143,98232.27321428573,2025-11-14 04:45:00,TDP_BOT
2025-11-14 06:45:00,TDP_MVP_REENTRY,LONG,97516.3,95829.01892857143,102578.14321428572,2025-11-14 05:45:00,TDP_BOT
2025-11-14 14:30:00,TDP_MVP_REENTRY,LONG,96373.8,94476.90785714285,102064.47642857145,2025-11-14 11:30:00,TDP_BOT
2025-11-14 21:00:00,TDP_MVP_REENTRY,LONG,94843.1,94124.97785714286,96997.46642857144,2025-11-14 20:30:00,TDP_BOT
2025-11-16 17:15:00,TDP_MVP_REENTRY,LONG,94353.6,93920.40964285714,95653.17107142862,2025-11-16 16:15:00,TDP_BOT
2025-11-16 17:45:00,TDP_MVP_REENTRY,LONG,94317.8,93632.10285714286,96374.89142857143,2025-11-16 17:30:00,TDP_BOT
2025-11-16 22:15:00,TDP_MVP_REENTRY,LONG,93636.3,92932.69107142858,95747.12678571428,2025-11-16 21:30:00,TDP_BOT
2025-11-16 22:45:00,TDP_MVP_REENTRY,LONG,94150.2,93465.93107142857,96203.00678571429,2025-11-16 22:30:00,TDP_BOT
2025-11-18 03:30:00,TDP_MVP_REENTRY,LONG,90587.0,89625.94214285714,93470.17357142859,2025-11-18 03:00:00,TDP_BOT
2025-11-18 04:45:00,TDP_MVP_REENTRY,LONG,90045.6,89210.07714285715,92552.16857142858,2025-11-18 04:00:00,TDP_BOT
2025-11-18 05:45:00,TDP_MVP_REENTRY,LONG,90184.0,89650.57678571428,91784.26964285717,2025-11-18 05:00:00,TDP_BOT
2025-11-18 06:45:00,TDP_MVP_REENTRY,LONG,89614.1,89301.30321428571,90552.49035714289,2025-11-18 06:30:00,TDP_BOT
2025-11-18 17:15:00,TDP_MVP_REENTRY,SHORT,92925.5,93830.7825,90209.6525,2025-11-18 15:30:00,TDP_TOP
2025-11-18 17:45:00,TDP_MVP_REENTRY,SHORT,93222.0,93497.92,92394.24,2025-11-18 17:30:00,TDP_TOP
2025-11-19 06:00:00,TDP_MVP_REENTRY,LONG,90621.8,89954.77071428571,92622.88785714288,2025-11-19 05:45:00,TDP_BOT
2025-11-21 10:30:00,TDP_MVP_REENTRY,LONG,82531.9,81563.97321428571,85435.68035714285,2025-11-21 09:30:00,TDP_BOT
2025-11-21 11:00:00,TDP_MVP_REENTRY,LONG,83055.0,82268.72142857143,85413.83571428571,2025-11-21 10:45:00,TDP_BOT
2025-11-21 12:30:00,TDP_MVP_REENTRY,LONG,82970.9,80572.41928571428,90166.34214285715,2025-11-21 12:15:00,TDP_BOT
2025-11-23 02:00:00,TDP_MVP_REENTRY,SHORT,85784.0,86161.81071428572,84650.56785714284,2025-11-23 01:45:00,TDP_TOP
2025-11-23 02:45:00,TDP_MVP_REENTRY,SHORT,85952.5,86318.34321428572,84854.97035714284,2025-11-23 02:15:00,TDP_TOP
2025-11-23 05:15:00,TDP_MVP_REENTRY,SHORT,86196.0,86868.08571428571,84179.74285714286,2025-11-23 03:00:00,TDP_TOP
2025-11-23 09:45:00,TDP_MVP_REENTRY,SHORT,86363.5,86453.83607142857,86092.4917857143,2025-11-23 09:30:00,TDP_TOP
2025-11-23 12:30:00,TDP_MVP_REENTRY,SHORT,86566.6,86895.00142857143,85581.39571428574,2025-11-23 12:15:00,TDP_TOP
2025-11-23 14:00:00,TDP_MVP_REENTRY,SHORT,86758.1,87180.23607142856,85491.69178571434,2025-11-23 13:30:00,TDP_TOP
2025-11-23 16:15:00,TDP_MVP_REENTRY,SHORT,87024.2,87466.66071428571,85696.81785714286,2025-11-23 15:30:00,TDP_TOP
2025-11-23 16:45:00,TDP_MVP_REENTRY,SHORT,86642.9,87393.55392857142,84390.93821428572,2025-11-23 16:30:00,TDP_TOP
2025-11-23 19:45:00,TDP_MVP_REENTRY,SHORT,87279.9,87653.77678571428,86158.26964285715,2025-11-23 19:15:00,TDP_TOP
2025-11-23 20:30:00,TDP_MVP_REENTRY,SHORT,87483.7,87695.65785714285,86847.82642857142,2025-11-23 20:00:00,TDP_TOP
2025-11-23 21:00:00,TDP_MVP_REENTRY,SHORT,87237.2,87565.3525,86252.74250000001,2025-11-23 20:45:00,TDP_TOP
2025-11-23 22:00:00,TDP_MVP_REENTRY,SHORT,87690.1,88099.14607142856,86462.96178571433,2025-11-23 21:15:00,TDP_TOP
2025-11-23 22:30:00,TDP_MVP_REENTRY,SHORT,87708.2,87974.2075,86910.17749999998,2025-11-23 22:15:00,TDP_TOP
2025-11-26 18:30:00,TDP_MVP_REENTRY,SHORT,89684.4,90410.58071428572,87505.85785714281,2025-11-26 18:15:00,TDP_TOP
2025-11-26 19:00:00,TDP_MVP_REENTRY,SHORT,89797.4,90190.72178571428,88617.43464285713,2025-11-26 18:45:00,TDP_TOP
2025-11-26 20:30:00,TDP_MVP_REENTRY,SHORT,89632.3,90114.38214285714,88186.0535714286,2025-11-26 19:15:00,TDP_TOP
2025-11-26 23:15:00,TDP_MVP_REENTRY,SHORT,90291.3,90576.80571428571,89434.78285714287,2025-11-26 23:00:00,TDP_TOP
2025-11-27 19:00:00,TDP_MVP_REENTRY,SHORT,91596.2,91812.89678571429,90946.10964285713,2025-11-27 18:30:00,TDP_TOP
2025-11-30 14:15:00,TDP_MVP_REENTRY,SHORT,91507.9,91974.30857142857,90108.67428571427,2025-11-30 13:15:00,TDP_TOP
2025-12-01 01:30:00,TDP_MVP_REENTRY,LONG,87380.1,86863.15071428572,88930.94785714288,2025-12-01 01:00:00,TDP_BOT
2025-12-01 02:00:00,TDP_MVP_REENTRY,LONG,87352.9,86991.96892857143,88435.6932142857,2025-12-01 01:45:00,TDP_BOT
2025-12-01 07:45:00,TDP_MVP_REENTRY,LONG,86491.9,85529.7925,89378.22249999999,2025-12-01 02:45:00,TDP_BOT
2025-12-01 16:15:00,TDP_MVP_REENTRY,LONG,84506.7,83724.65214285714,86852.84357142856,2025-12-01 15:45:00,TDP_BOT
2025-12-01 17:15:00,TDP_MVP_REENTRY,LONG,84940.0,84353.59392857143,86699.21821428572,2025-12-01 16:30:00,TDP_BOT
2025-12-02 04:30:00,TDP_MVP_REENTRY,SHORT,86901.9,87256.23321428572,85838.90035714282,2025-12-02 04:15:00,TDP_TOP
2025-12-02 06:00:00,TDP_MVP_REENTRY,SHORT,86932.7,87045.93,86593.01000000001,2025-12-02 05:45:00,TDP_TOP
2025-12-02 16:15:00,TDP_MVP_REENTRY,SHORT,90230.6,91295.345,87036.36500000002,2025-12-02 15:15:00,TDP_TOP
2025-12-02 20:15:00,TDP_MVP_REENTRY,SHORT,90936.2,92331.85321428571,86749.24035714284,2025-12-02 16:30:00,TDP_TOP
2025-12-03 18:15:00,TDP_MVP_REENTRY,SHORT,93070.8,93540.46714285715,91661.79857142858,2025-12-03 18:00:00,TDP_TOP
2025-12-03 22:00:00,TDP_MVP_REENTRY,SHORT,93643.5,93817.44142857143,93121.67571428571,2025-12-03 21:45:00,TDP_TOP
2025-12-03 23:00:00,TDP_MVP_REENTRY,SHORT,93717.6,94208.10428571427,92246.0871428572,2025-12-03 22:45:00,TDP_TOP
2025-12-05 15:00:00,TDP_MVP_REENTRY,LONG,90985.5,89840.21107142857,94421.3667857143,2025-12-05 13:30:00,TDP_BOT
2025-12-05 17:45:00,TDP_MVP_REENTRY,LONG,89283.1,87971.08392857143,93219.14821428573,2025-12-05 16:15:00,TDP_BOT
2025-12-07 22:00:00,TDP_MVP_REENTRY,SHORT,89341.4,91753.66249999999,82104.6125,2025-12-07 17:15:00,TDP_TOP
2025-12-08 01:45:00,TDP_MVP_REENTRY,SHORT,90870.8,91692.55,88405.55,2025-12-08 01:15:00,TDP_TOP
2025-12-08 03:00:00,TDP_MVP_REENTRY,SHORT,91126.2,91433.58107142858,90204.05678571426,2025-12-08 02:00:00,TDP_TOP
2025-12-08 03:30:00,TDP_MVP_REENTRY,SHORT,90986.2,91368.42178571428,89839.53464285715,2025-12-08 03:15:00,TDP_TOP
2025-12-09 21:30:00,TDP_MVP_REENTRY,SHORT,92636.3,94577.81678571428,86811.74964285716,2025-12-09 16:00:00,TDP_TOP
2025-12-11 04:45:00,TDP_MVP_REENTRY,LONG,90374.1,89319.02214285714,93539.33357142861,2025-12-11 02:15:00,TDP_BOT
2025-12-12 00:45:00,TDP_MVP_REENTRY,SHORT,91544.9,93572.86499999999,85461.005,2025-12-11 21:00:00,TDP_TOP
2025-12-12 16:15:00,TDP_MVP_REENTRY,LONG,90361.3,89561.2307142857,92761.5078571429,2025-12-12 15:45:00,TDP_BOT
2025-12-12 16:45:00,TDP_MVP_REENTRY,LONG,90003.1,89389.6425,91843.47250000002,2025-12-12 16:30:00,TDP_BOT
2025-12-14 17:15:00,TDP_MVP_REENTRY,LONG,88729.9,88415.19785714286,89674.00642857139,2025-12-14 16:45:00,TDP_BOT
2025-12-14 22:00:00,TDP_MVP_REENTRY,LONG,88474.1,88287.83821428572,89032.88535714288,2025-12-14 21:15:00,TDP_BOT
2025-12-14 22:45:00,TDP_MVP_REENTRY,LONG,88358.7,87957.52678571429,89562.21964285712,2025-12-14 22:30:00,TDP_BOT
2025-12-14 23:30:00,TDP_MVP_REENTRY,LONG,88005.4,87508.75892857142,89495.32321428572,2025-12-14 23:00:00,TDP_BOT
2025-12-15 16:15:00,TDP_MVP_REENTRY,LONG,86868.1,86550.83535714286,87819.89392857144,2025-12-15 15:30:00,TDP_BOT
2025-12-15 18:45:00,TDP_MVP_REENTRY,LONG,86143.0,85049.84571428571,89422.46285714288,2025-12-15 16:45:00,TDP_BOT
2025-12-17 19:15:00,TDP_MVP_REENTRY,LONG,85667.0,85228.27,86983.18999999999,2025-12-17 19:00:00,TDP_BOT
2025-12-17 19:45:00,TDP_MVP_REENTRY,LONG,85976.9,85359.5725,87828.88249999999,2025-12-17 19:30:00,TDP_BOT
2025-12-18 14:30:00,TDP_MVP_REENTRY,SHORT,87788.9,89499.62321428572,82656.73035714282,2025-12-18 13:30:00,TDP_TOP
2025-12-18 15:45:00,TDP_MVP_REENTRY,SHORT,88484.3,89385.76107142857,85779.9167857143,2025-12-18 15:30:00,TDP_TOP
