safety_id,mechanism,layer_or_module,authority_type,input_or_trigger,allow_effect,block_effect,persistence,observable_evidence,fail_closed_status,restart_safe,current_classification
ESI-001,ATS strategic execution authority,ATS authority pipeline,strategic,"authorized execution intent",authorizes downstream consideration,rejects setup before executor,ATS-owned,"ATS intent and authority identifiers",NOT_PROVEN,NOT_PROVEN,NOT_PROVEN_FROM_CURRENT_HEAD
ESI-002,ATS policy kill switch,backtest/risk/policy_engine.py,strategic,"evaluate_policy_kill_switch / rolling_r_guard",may allow ATS intent emission,blocks ATS execution permission,unknown,current ATS telemetry not supplied,NOT_PROVEN,NOT_PROVEN,PARTIALLY_IDENTIFIED
ESI-003,Decision completeness validation,decision_consumer.py,mechanical,"ExecutionIntent required fields",returns immutable ValidatedExecutionIntent,rejects malformed intent,none,exception/result object,YES,N_A,PROVEN
ESI-004,Executor mode check,mechanical_safety_bridge.py,mechanical,"executor_mode",permits DRY_RUN or MUTATION_ENABLED,blocks unsupported/empty mode,none,MechanicalSafetyResult,YES,YES_IF_REAPPLIED,PROVEN
ESI-005,Executor kill-switch marker,mechanical_safety_bridge.py,mechanical,"configured kill_switch_path exists",none,CRITICAL block,filesystem marker,MechanicalSafetyResult,YES_IF_CONFIGURED,YES_IF_SAME_PATH_REAPPLIED,PRESENT_BUT_OPTIONAL
ESI-006,Intent expiry,mechanical_safety_bridge.py,mechanical,"entry_window_expires_ts",allows unexpired intent,blocks expired/invalid expiry,none,MechanicalSafetyResult,YES_IF_FIELD_PRESENT,YES_IF_REAPPLIED,PRESENT
ESI-007,Geometry and identity validation,mechanical_safety_bridge.py,mechanical,"key/symbol/model/side/entry/sl/tp",allows valid geometry,blocks malformed geometry/identity,none,MechanicalSafetyResult,YES,YES_IF_REAPPLIED,PROVEN
ESI-008,Executor-local risk upper bound,mechanical_safety_bridge.py,mechanical_guardrail,"max_authorized_risk_usd",allows below cap,blocks above cap,none,MechanicalSafetyResult,YES_IF_CONFIGURED,YES_IF_REAPPLIED,PRESENT_NOT_ATS_RISK
ESI-009,Executor-local notional upper bound,mechanical_safety_bridge.py,mechanical_guardrail,"max_authorized_notional",allows below cap,blocks above cap,none,MechanicalSafetyResult,YES_IF_CONFIGURED,YES_IF_REAPPLIED,PRESENT_NOT_ATS_RISK
ESI-010,Pending identity check,mechanical_safety_bridge.py,mechanical,"pending_identity_keys",allows absent identity,blocks present identity,caller-supplied,MechanicalSafetyResult,YES_IF_SUPPLIED,NOT_PROVEN,PRESENT_OPTIONAL
ESI-011,Execution identity registry,execution_identity_registry.py,idempotency,"canonical_setup_key",allows first session attempt,blocks repeat session attempt,in-memory,IdempotencyResult,YES_WITHIN_SESSION,NO,PROVEN_SESSION_ONLY
ESI-012,Quantity floor conversion,quantity_converter.py,mechanical_formatting,"authorized quantity/exposure + exchange rules",returns ExchangeReadyIntent,rejects impossible/minimum quantity,none,immutable result,YES,YES_IF_REAPPLIED,PROVEN
ESI-013,Rounding risk non-increase check,quantity_converter.py,mechanical_guardrail,"rounded quantity x risk distance",allows non-increasing risk,raises on increase,none,ExchangeReadyIntent/error,YES,YES_IF_REAPPLIED,PRESENT_NOT_RISK_RECALCULATION
ESI-014,Read-only adapter mode,exchange_read_adapter.py,exchange_access,"adapter mode",allows READ_ONLY reads,blocks non-READ_ONLY adapter,none,ExchangeReadResult/error,YES,YES_IF_REAPPLIED,PROVEN
ESI-015,Local/exchange reconciliation,exchange_reconciler.py,reconciliation,"local snapshot + supplied exchange snapshots",returns RECONCILIATION_OK,blocks mismatch/unknown/read failure,none,ReconciliationResult,YES,NO_STARTUP_MANDATE,PROVEN_CLASSIFIER
ESI-016,Pre-submit reservation,testnet_command_gateway.py,reservation,"TESTNET + manual enable + reconciliation OK",creates deterministic client_order_id and reservation,blocks gate failure,optional executor ledger,RESERVED_PRE_SUBMIT event,YES,PARTIAL,PROVEN_ORDERING
ESI-017,LIVE hard block,testnet_command_gateway.py;testnet_submit_adapter.py;testnet_real_submit.py,mode_gate,"mode LIVE",none,hard block,none,CommandDecision/SubmitResult,YES,YES_IF_REAPPLIED,PROVEN
ESI-018,Manual TESTNET enable,testnet_command_gateway.py;testnet_real_submit.py,mode_gate,"manual_enable",permits TESTNET path when true,blocks when false,config,CommandDecision/SubmitResult,YES,YES_IF_REAPPLIED,PROVEN
ESI-019,TESTNET credentials gate,testnet_real_submit.py,credential_gate,"external api key/secret",permits gated TESTNET submit,blocks missing credentials,external secrets,SubmitResult,YES,YES_IF_REAPPLIED,PROVEN
ESI-020,TESTNET endpoint gate,testnet_real_submit.py,environment_gate,"Bybit TESTNET endpoint",permits testnet endpoint,blocks LIVE/wrong endpoint,config,SubmitResult,YES,YES_IF_REAPPLIED,PROVEN
ESI-021,E17 emergency max notional,testnet_real_submit.py,mechanical_guardrail,"configured max notional",permits below cap,blocks above cap,config,SubmitResult,YES_IF_CONFIGURED,YES_IF_REAPPLIED,PRESENT
ESI-022,Submit timeout/unknown handler,submit_outcome_handler.py,unknown_state,"timeout or unknown SubmitResult",none,blocks/manual review,no mandatory reload,E10 ledger event and snapshot,YES_IN_PROCESS,NO,PROVEN_CLASSIFICATION
ESI-023,Append-only event ledger,execution_event_ledger.py,state_authority,"executor-local events",reconstructs deterministic snapshot,derived block flags,optional explicit path,JSONL events and snapshot,YES_FOR_RECORDED_EVENTS,PARTIAL,PROVEN_OPTIONAL_PERSISTENCE
ESI-024,Post-submit reconciliation,post_submit_reconciler.py,reconciliation,"SubmitResult + local snapshot + exchange snapshot",classifies consistent state,blocks mismatch/read failure,none,result and optional ledger-compatible output,YES,NO_STARTUP_MANDATE,PROVEN_CLASSIFIER
ESI-025,No blind retry,E16-E18 architecture,execution_policy,"timeout/unknown",none,unknown remains blocking,ledger/result,submit outcome snapshot,YES,PARTIAL,PROVEN_IN_FLOW
ESI-026,Duplicate process protection,none,process_safety,"second executor process",none,none,none,none,NO,NO,MISSING
ESI-027,Mandatory startup ledger replay,none,restart_safety,"executor process startup",none,none,none,none,NO,NO,MISSING
ESI-028,Mandatory startup exchange reconciliation,none,restart_safety,"executor process startup",none,none,none,none,NO,NO,MISSING
ESI-029,Unified ATS plus executor kill switch,none,cross_system_authority,"ATS or executor emergency stop",none,none,none,none,NOT_PROVEN,NO,MISSING_NOT_PROVEN
ESI-030,Uniform ledger logging of all safety blocks,partial across E10/E14/E16,observability,"any blocked decision",n/a,n/a,partial,immutable results plus selected ledger events,PARTIAL,PARTIAL,INCOMPLETE
